Company Name,Year,Revenue,Asset,Profit
Berkshire Hathaway,2022,$276.1B,$958.8B,$89.8B
Rio Tinto,2022,$63.5B,$102.9B,$21.1B
Bank of Nova Scotia,2022,$30.4B,$979.3B,$8B
Rosneft,2022,$111.4B,$219.4B,$12B
Zurich Insurance Group,2022,$69.6B,$410.1B,$5.2B
Stellantis,2022,$176.6B,$195.3B,$16.8B
American Express,2022,$46.3B,$196B,$7.9B
Siemens,2022,$76.5B,$164.2B,$6.6B
The Home Depot,2022,$151.2B,$71.9B,$16.4B
DSM,2022,$10.9B,$18.2B,$2B
Tokyo Century,2022,$11.3B,$49.2B,$477.5M
Elevance Health,2022,$144.3B,$100.5B,$6.2B
Cigna,2022,$174.3B,$151B,$5.4B
Credit Bank of Moscow,2022,$2.5B,$45.1B,$370.1M
Workday,2022,$5.1B,$10.5B,$29.4M
BHP Group,2022,$65.5B,$105.7B,$16.9B
Sichuan Changhong Electric,2022,$15.7B,$12.1B,$53.1M
Satellite Chemical,2022,$4.4B,$7.6B,$931.3M
Shenzhen Feima International Supply Chain,2022,$37M,$166M,$1.4B
Aperam,2022,$6B,$6.7B,$1.1B
Wingtech Technology,2022,$7.9B,$11.1B,$337.7M
FinecoBank,2022,$1.5B,$38.5B,$450M
Match Group,2022,$3B,$5.1B,$277.7M
NMDC,2022,$3.5B,$5.7B,$1.4B
Grandjoy Holdings Group,2022,$6.4B,$33.4B,$16.7M
EFG International,2022,$1.8B,$46.3B,$225.1M
Onex,2022,$336M,$12.5B,$1.4B
Kloeckner & Co,2022,$8.8B,$4.5B,$731.6M
Swedish Match,2022,$2.2B,$1.8B,$724.2M
Twilio,2022,$2.8B,$13B,-$949.9M
China Petroleum Engineering,2022,$11.9B,$16.5B,$160.2M
Group 1 Automotive,2022,$13.7B,$5.7B,$533.6M
WT Microelectronics,2022,$16B,$6.3B,$283.7M
Unity Software,2022,$1.1B,$4.8B,-$532.6M
Logitech International,2022,$5.8B,$4.2B,$761.6M
Whitecap Resources,2022,$1.8B,$5.4B,$1.4B
Tapestry,2022,$6.5B,$7.9B,$836.3M
JB Financial Group,2022,$2B,$47.4B,$426M
Seiko Epson,2022,$10.2B,$10.5B,$656.6M
Li Auto,2022,$4.2B,$9.7B,-$48.9M
Fertiglobe,2022,$3.3B,$5.2B,$702.7M
Pinnacle Bank,2022,$1.3B,$39.4B,$531M
Ampol ,2022,$16.1B,$6.4B,$420.3M
Musashino Bank,2022,$535M,$47.6B,$82.2M
Jinshang Bank,2022,$1.9B,$47.6B,$261.3M
Cadence Bank,2022,$1.3B,$47.7B,$195.2M
AviChina Industry & Technology,2022,$9.3B,$21B,$367.3M
Masco,2022,$8.4B,$5.6B,$406M
Yamato Holdings,2022,$16.1B,$10.4B,$433.3M
Zall Smart Commerce Group,2022,$16.2B,$9.3B,-$179.2M
FCC,2022,$7.9B,$16.2B,$685.8M
Mashreq Bank,2022,$2.5B,$48.2B,$272.8M
Jindal Steel & Power,2022,$6.6B,$10.1B,$1B
Farfetch,2022,$2.3B,$3.8B,$1.5B
Huali Industrial Group,2022,$2.7B,$2.5B,$429.2M
Shenzhou International Group Holdings,2022,$3.7B,$6.6B,$522M
Far Eastern New Century,2022,$8.6B,$23B,$346.7M
ADNOC Drilling,2022,$2.3B,$5.1B,$603.9M
Intco Medical Technology,2022,$2.8B,$3.2B,$1.5B
Hokkoku Financial Holdings,2022,$700M,$48.4B,$53.5M
VEON,2022,$8.1B,$15.9B,$674M
Hera,2022,$12.5B,$16.2B,$394.2M
XPO Logistics,2022,$16.4B,$8.7B,$340M
Weihai City Commercial Bank,2022,$1.4B,$33B,$587M
Steris,2022,$4.2B,$11.7B,$280.5M
Healthpeak Properties,2022,$1.9B,$15.3B,$504.8M
Robert Half International,2022,$6.5B,$3B,$598.6M
Metropolitan Bank & Trust,2022,$2.3B,$49.1B,$449.5M
Shanghai Yuyuan Tourist Mart,2022,$7.5B,$20.6B,$598.6M
Hainan Airlines Holding,2022,$5.6B,$33B,-$8B
Aristocrat Leisure,2022,$3.6B,$6.3B,$616M
Bradespar,2022,$1.4B,$1.5B,
Albemarle,2022,$3.3B,$11B,$123.7M
ASM International,2022,$2.2B,$3.3B,$597.8M
Yamada Denki,2022,$15.1B,$11.6B,$514.9M
Bread Financial Holdings,2022,$3.7B,$22.3B,$801M
Tokyu Fudosan,2022,$8.6B,$23B,$357M
Hyakujushi Bank,2022,$652M,$49.5B,$94.6M
Ansys,2022,$1.9B,$6.3B,$454.6M
Genmab,2022,$1.3B,$3.8B,$478.1M
Shenzhen Inovance Technology,2022,$2.8B,$4.2B,$531.2M
Xiamen Xinde,2022,$16.8B,$3.4B,-$23.8M
Shanghai Fosun Pharmaceutical,2022,$6B,$14.6B,$734M
Ayala Corp,2022,$4.6B,$26.5B,$563.4M
Mr. Cooper Group,2022,$2.9B,$14.2B,$1.4B
Banque Centrale Populaire,2022,$3B,$50.2B,$196.2M
CoStar Group,2022,$1.9B,$7.3B,$292.6M
TMX Group,2022,$825M,$50B,$270M
Gap,2022,$16.7B,$12.8B,$256M
Wintrust Financial,2022,$1.9B,$50.3B,$440.4M
Rothschild & Co.,2022,$3.4B,$20.1B,$905.2M
Teledyne Technologies,2022,$4.6B,$14.4B,$445.3M
Galaxy Entertainment,2022,$1.7B,$10.9B,$170.6M
Parkland,2022,$17.1B,$9.1B,$77.4M
Shandong Iron and Steel,2022,$17.1B,$11.4B,$190.4M
Central Bank of India,2022,$3.4B,$51.3B,-$95.8M
Kiyo Bank ,2022,$705M,$51.4B,$170.8M
Ares Management,2022,$4.3B,$21.7B,$388.3M
Dexus,2022,$680M,$14.1B,$1.1B
Palantir Technologies,2022,$1.5B,$3.2B,-$520.4M
Cencosud,2022,$14.4B,$15.2B,$434.8M
Murphy USA,2022,$17.4B,$4.2B,$396.9M
MongoDB,2022,$874M,$2.5B,-$306.9M
Commercial Metals,2022,$7.9B,$5.5B,$898.9M
Seagen,2022,$1.6B,$3.7B,-$674.5M
Persimmon,2022,$5B,$6.5B,$1.1B
Bank of Xi'an,2022,$2.3B,$52.1B,$429.6M
Novatek Microelectronics Corp.,2022,$4.8B,$4.4B,$1.4B
Webster Financial,2022,$1.3B,$35B,$406.6M
Grifols,2022,$5.8B,$22B,$216M
TMB Bank,2022,$2.5B,$53.8B,$333M
Gold Fields,2022,$4.2B,$7.3B,$789.3M
Nippon Steel Trading,2022,$17.6B,$9.6B,$284.7M
China Aviation Oil,2022,$17.6B,$1.5B,$40.3M
Times Property Holdings,2022,$6.8B,$31.1B,$505.5M
Azrieli Group,2022,$703M,$13.6B,$895.3M
Electrolux Group,2022,$14.6B,$12.1B,$544.9M
Brown & Brown,2022,$3.1B,$9.9B,$574M
Samsung SDS,2022,$11.9B,$8.8B,$533.7M
Nanjing Iron & Steel,2022,$11.7B,$9.1B,$634.3M
Commerce Bancshares,2022,$1.4B,$35B,$514.3M
F&F,2022,$635M,$2.5B,$1.7B
Aareal Bank,2022,$1.3B,$55.4B,$62.6M
Essex Property Trust,2022,$1.4B,$13B,$521.7M
PennyMac Financial Services,2022,$4.3B,$18.8B,$1B
ACWA Power,2022,$1.5B,$12.2B,$202.3M
Yunnan Energy New Material,2022,$1.4B,$4.4B,$498.8M
Grupa LOTOS,2022,$8.6B,$6.4B,$831.5M
Barry Callebaut,2022,$8.4B,$8.1B,$438.9M
Aozora Bank,2022,$1.2B,$55.4B,$323.6M
Bank Of Gansu,2022,$2.3B,$56.3B,$88.3M
PacWest Bancorp,2022,$1.4B,$39.3B,$566.7M
Anhui Water Resources Development,2022,$11B,$19.9B,$169.9M
SITC International Holdings,2022,$3B,$2.7B,$1.2B
Yunnan Yuntianhua,2022,$10B,$9.3B,$734.3M
Tokyo Kiraboshi Financial Group,2022,$830M,$56.8B,$87.2M
WESCO International,2022,$18.2B,$12.6B,$465.4M
FIBI Holdings,2022,$1.6B,$58B,$204.3M
Tenneco,2022,$18B,$11.6B,$35M
Zhangzhou Pientzehuang Pharmaceutical,2022,$1.2B,$2B,$377M
Snap-on,2022,$4.7B,$6.9B,$845.3M
SCA,2022,$2.2B,$13.1B,$710.7M
Luzerner Kantonalbank,2022,$696M,$58.5B,$241.9M
Vietnam Technological & Commercial Joint Stock Bank,2022,$2.1B,$25B,$787.1M
E-L Financial,2022,$1.3B,$21.2B,$919.6M
Kinnevik,2022,$198M,$8.7B,$1.7B
Hanwa,2022,$18.6B,$9.6B,$368.8M
PT Saratoga Investama Sedaya,2022,$123M,$4.3B,$1.7B
Inventec,2022,$18.6B,$9B,$234.1M
Shimizu,2022,$13B,$17.2B,$414M
Cosco Shipping Development,2022,$5.4B,$20.8B,$942.4M
Huaibei Mining Holdings,2022,$10B,$11.5B,$741.2M
Basler Kantonalbank,2022,$726M,$58.7B,$132.4M
Saputo,2022,$11.6B,$10.8B,$271.3M
Kyndryl Holdings,2022,$18.7B,$13.2B,-$2.3B
Qurate Retail Group,2022,$14B,$16.2B,$340M
Aier Eye Hospital Group,2022,$2.3B,$3.4B,$335.1M
Veeva Systems,2022,$1.9B,$3.8B,$427.4M
Keiyo Bank,2022,$583M,$59.8B,$95.7M
Toho Bank,2022,$525M,$60.1B,-$12.2M
Nanto Bank,2022,$667M,$60.2B,$115.3M
Abrdn,2022,$2.6B,$15.5B,$1.4B
CPFL Energia,2022,$7.3B,$11.9B,$879.9M
Digital China Group,2022,$19B,$6.1B,$36.9M
Korean Air,2022,$7.9B,$22.4B,$489.8M
Bank of Lanzhou,2022,$2.5B,$61.3B,$216.3M
Airports of Thailand,2022,$226M,$5.6B,-$535.7M
Amadeus IT Group ,2022,$3.2B,$12.9B,-$148.3M
Banque Cantonale Vaudoise,2022,$1.2B,$61.4B,$414.2M
JD Sports Fashion,2022,$10.2B,$9B,$563.3M
San-In Godo Bank,2022,$806M,$60.8B,$132.9M
Chr. Hansen Holding,2022,$1.3B,$3.5B,$1B
Dangote Cement,2022,$3.4B,$5.8B,$880.7M
Aeroports de Paris,2022,$3.3B,$20.9B,-$293.1M
Ricoh,2022,$16.1B,$15.3B,$117.7M
Zscaler,2022,$860M,$2.4B,-$330.7M
Trade Desk,2022,$1.2B,$3.6B,$137.8M
Beijing Oriental Yuhong Waterproof Technology,2022,$4.9B,$7.8B,$652M
Titan (India),2022,$3.9B,$2.5B,$301.2M
Wayfair,2022,$13.7B,$4.6B,-$131.4M
Sistema,2022,$10.9B,$21B,-$9.8M
Mid-america Apartment Communities,2022,$1.8B,$11.3B,$533.2M
LPL Financial Holdings,2022,$7.7B,$8.2B,$459.9M
Zhejiang Expressway Co. Ltd.,2022,$2.5B,$27.7B,$737.5M
WSP,2022,$8.2B,$8.9B,$377.8M
Senshu Ikeda Holdings,2022,$630M,$63.1B,$82M
Banca Popolare di Sondrio,2022,$1.4B,$62.6B,$317.5M
Booz Allen Hamilton Holding,2022,$8.1B,$5.9B,$571.3M
Red Eléctrica,2022,$2.3B,$15.9B,$804.5M
Yunnan Copper Co. Ltd.,2022,$19.6B,$6.1B,$100.7M
ICON (Ireland),2022,$5.5B,$17.4B,$153.2M
Hubei Biocause Pharmaceutical,2022,$6.5B,$39.1B,$54.9M
Crescent Point Energy,2022,$2.3B,$7.3B,$1.9B
Prysmian,2022,$15.1B,$13.7B,$364M
Qilu Bank,2022,$2.1B,$64.5B,$364.9M
Horizon Therapeutics Public Limited Company,2022,$3.2B,$8.7B,$534.5M
Info Edge India,2022,$190M,$3B,$1.7B
Tsim Sha Tsui Properties,2022,$4B,$23.1B,$891.5M
Sartorius,2022,$4.3B,$6.6B,$514.3M
Salzgitter,2022,$11.5B,$11.7B,$687M
Tongling Nonferrous Metals,2022,$20.3B,$8B,$480.9M
Electric Power Development,2022,$9.2B,$25.2B,$60.3M
Suzuken,2022,$20.1B,$11.2B,$136.8M
Ogaki Kyoritsu Bank,2022,$701M,$66.2B,$87M
Shiga Bank,2022,$875M,$65.1B,$174.7M
Bendigo & Adelaide Bank,2022,$1.5B,$66B,$451.4M
NIO,2022,$5.6B,$13B,-$1.6B
Deutsche Pfandbriefbank,2022,$1.9B,$66.4B,$250.6M
Ultrapar Participacoes,2022,$20.3B,$7B,$157.6M
Kawasaki Heavy Industries,2022,$13.6B,$17.8B,$17.6M
Jointown Pharmaceutical Group,2022,$18.8B,$13.4B,$513M
American National Group,2022,$4.4B,$31B,$699.3M
DoorDash,2022,$4.9B,$6.8B,-$468M
Cloudflare,2022,$656M,$2.4B,-$260.3M
Korea Zinc,2022,$8.7B,$8.4B,$704.5M
Showa Denko,2022,$12.9B,$18.6B,-$110.1M
Qingdao Rural Commercial Bank,2022,$2.9B,$66.4B,$494.6M
Fortune Brands Home & Security,2022,$7.7B,$7.9B,$772.4M
Lear,2022,$19.3B,$13.4B,$373.9M
Tosoh,2022,$8.1B,$9.3B,$966.6M
Ford Otosan,2022,$8B,$3.2B,$986M
Service Corp Intl,2022,$4.1B,$15.7B,$802.9M
Bank of Queensland,2022,$1.6B,$68.9B,$316M
Clorox,2022,$7.1B,$6.2B,$247M
Gjensidige Forsikring,2022,$3.7B,$14.6B,$830.5M
DCC,2022,$20.5B,$10.9B,$408.4M
Manpower,2022,$20.9B,$9.7B,$412M
Smoore International Holdings,2022,$2.1B,$3.6B,$819.4M
CSPC Pharmaceutical Group,2022,$4.3B,$5.5B,$868.7M
Hyakugo Bank,2022,$863M,$70.1B,$131.7M
ATOS,2022,$12.8B,$19.1B,-$3.5B
Avnet,2022,$21.6B,$9.6B,$455M
Hotai Motor,2022,$8.7B,$12.6B,$580.4M
American Equity Investment,2022,$4B,$71B,$474M
Advantest,2022,$3.6B,$4B,$857M
Bank of Suzhou,2022,$3.1B,$71.1B,$481.7M
PIK Group,2022,$5.8B,$11.1B,$1.8B
Toll Brothers,2022,$9B,$11.3B,$889M
Hyundai Engineering,2022,$15.5B,$16.5B,$390.4M
Xinyi Glass Holdings,2022,$3.9B,$7.2B,$1.5B
Lucid Motors,2022,$27M,$7.9B,-$3B
Power Assets Holdings,2022,$164M,$12.1B,$789.9M
Foot Locker,2022,$9B,$8.1B,$893M
DGB Financial Group,2022,$3.2B,$72.3B,$426.3M
Zhejiang Chint Electrics,2022,$5.9B,$13.3B,$946.1M
Newell Brands,2022,$10.6B,$14.2B,$572M
First Pacific,2022,$9.1B,$26.6B,$334.7M
Medical Properties Trust,2022,$1.5B,$20.5B,$653.9M
Taiwan Business Bank,2022,$1.1B,$73.1B,$182.6M
Bank of Jiujiang,2022,$3.3B,$72.4B,$267.7M
Akamai Technologies,2022,$3.5B,$8.1B,$651.6M
Juroku  Financial Group,2022,$1B,$74.5B,$138.8M
EMS-Chemie Holding,2022,$2.5B,$2.6B,$601.9M
Iyo Bank,2022,$1.2B,$75.2B,$207.1M
Lindt & Sprungli,2022,$5B,$10B,$536.5M
SKF Group,2022,$9.5B,$11.2B,$854.1M
Shandong Hualu-Hengsheng Chemical,2022,$4.1B,$4.5B,$1.1B
Chewy,2022,$8.9B,$2.2B,-$73.8M
Avenue Supermarts,2022,$4B,$1.9B,$200.1M
Constellation Software,2022,$5.1B,$5.8B,$309.3M
Alfresa Holdings,2022,$23.5B,$12.1B,$220M
FAW Jiefang Group,2022,$15.3B,$10.9B,$604.7M
Bajaj Auto,2022,$4.5B,$4.5B,$837.3M
Credito Emiliano,2022,$2.6B,$76.9B,$417.4M
Bandai Namco Holdings,2022,$7.5B,$6.8B,$545.7M
Burlington Stores,2022,$9.3B,$7.1B,$408.8M
WuXi Biologics,2022,$1.6B,$6.9B,$525.2M
Bayan Resources,2022,$2.9B,$2.4B,$1.2B
Johnson Matthey,2022,$23.6B,$10.1B,$209.3M
EXOR,2022,$1.8B,$14.4B,$664M
Synnex Technology Intl,2022,$14.6B,$7.3B,$618.3M
Pan Pacific International Holdings,2022,$16.1B,$12.3B,$467.4M
Adani Total Gas,2022,$353M,$502M,$77.4M
BeiGene,2022,$1.2B,$8.6B,-$1.4B
Mercuries & Associates,2022,$6.3B,$51.6B,$67.7M
Li Ning,2022,$3.5B,$4.8B,$621.9M
Abu Dhabi Islamic Bank,2022,$1.7B,$37.3B,$564.7M
Waters,2022,$2.8B,$3.1B,$692.8M
Rite Aid,2022,$24.6B,$8.5B,-$538.5M
Daito Trust Construction,2022,$14.2B,$8.1B,$631.3M
Moscow Exchange,2022,$761M,$81.9B,$381.2M
Mitsubishi Motors,2022,$17.5B,$16.2B,-$214.9M
Jiangxi Bank,2022,$3.5B,$79.8B,$320.6M
Var Energi ASA,2022,$6B,$19.9B,$621.6M
Tech Mahindra,2022,$5.7B,$5.5B,$695.4M
Shaw Communications,2022,$4.4B,$12.4B,$796.4M
FMC,2022,$5B,$10.6B,$734.7M
SQM,2022,$2.9B,$7.3B,$606.4M
AECOM Technology,2022,$13.3B,$11.4B,$208.6M
BayWa,2022,$23.4B,$14.1B,$83.4M
Bank of Qingdao,2022,$3.4B,$81.9B,$452.7M
Bausch Health Companies,2022,$8.4B,$29.2B,-$948M
Nexi S.p.A.,2022,$3.6B,$27.7B,$59.4M
Alpha Bank,2022,$398M,$83.4B,-$3.4B
Emera,2022,$4.7B,$27.1B,$446.7M
Hoshine Silicon Industry,2022,$2.5B,$4.1B,$874M
Live Nation Entertainment,2022,$6.3B,$14.4B,-$670.7M
Cullen/Frost Bankers,2022,$1.4B,$50.9B,$440.4M
Ramsay Health Care,2022,$9.8B,$12.5B,$286.6M
Qinghai Salt Lake Industry,2022,$2.1B,$4B,$596.9M
Focus Media Information Technology,2022,$2.3B,$4.1B,$956.3M
Sumec Corporation,2022,$26.1B,$8.6B,-$60.1M
M3,2022,$1.8B,$2.8B,$612.4M
Aramark,2022,$13.3B,$14.5B,$33M
Chugoku Bank,2022,$1.1B,$88.3B,$172.2M
Pool,2022,$5.6B,$3.9B,$726.9M
Zalando,2022,$12.2B,$8.1B,$277.2M
Starwood Property Trust,2022,$1.2B,$83.9B,$440.9M
Eurobank Ergasias,2022,$2.9B,$88.5B,$387.7M
Adani Transmission,2022,$1.5B,$6.1B,$164.1M
PVH,2022,$9.2B,$12.4B,$952.3M
BJ's Wholesale Club,2022,$16.7B,$5.7B,$426.7M
ResMed,2022,$3.4B,$4.7B,$522M
Daishi Hokuetsu Financial Group,2022,$1.2B,$90.4B,$123.5M
China Industrial Securities,2022,$3.3B,$34.1B,$735.4M
77 Bank,2022,$967M,$90.3B,$177.2M
Piraeus Financial Holdings,2022,$3.3B,$90.7B,-$3.6B
Shanghai Commercial & Savings Bank,2022,$1.7B,$77.3B,$510.4M
Iveco Group,2022,$15B,$18.8B,$61.5M
Petro Rabigh,2022,$12.2B,$19.4B,$543.1M
Organon,2022,$6.5B,$10.7B,$1.4B
PBF Energy,2022,$27.3B,$12.7B,$231M
SBA Communications,2022,$2.3B,$9.8B,$237.6M
LG Uplus,2022,$12.1B,$16.3B,$622M
Doosan,2022,$12.6B,$21.9B,-$113.7M
Huntsman,2022,$8.5B,$9.4B,$1B
Arca Continental,2022,$9B,$12.6B,$605.3M
Chang Hwa Bank,2022,$1.3B,$92.2B,$315.2M
Asian Paints,2022,$3.8B,$2.8B,$410.1M
Datadog,2022,$1B,$2.4B,-$20.7M
Next,2022,$6.4B,$5.3B,$931.3M
China Resources Beer (Holdings),2022,$5.2B,$8B,$708.5M
Uniqa,2022,$8.2B,$35.4B,$372M
Singapore Airlines,2022,$3.7B,$32.7B,-$1.2B
Bank Pekao,2022,$2.4B,$62.2B,$563.1M
Zheshang Development Group,2022,$27.8B,$5.5B,$116.6M
Sunny Optical Technology Group,2022,$5.8B,$6.1B,$773.1M
WPG Holdings,2022,$27.9B,$10.4B,$411.6M
Bank of Zhengzhou,2022,$4.4B,$90.2B,$500.2M
STRABAG,2022,$17.8B,$13.8B,$577.4M
China Merchants Port Holdings,2022,$1.5B,$22.9B,$1B
Cerner,2022,$5.8B,$7.4B,$555.6M
Sahara International Petrochemical,2022,$2.8B,$6.5B,$1.1B
Hengyi Petrochemical ,2022,$18.7B,$16.4B,$476M
Jyske Bank,2022,$2.1B,$98.9B,$476.8M
Twitter,2022,$5.1B,$14.1B,-$221.4M
Hirogin Holdings,2022,$1.2B,$100.3B,$231.3M
United Natural Foods,2022,$27.8B,$7.8B,$233.6M
Ceconomy,2022,$24.5B,$14.6B,$225.8M
China Shipbuilding Industry,2022,$5.3B,$28.6B,-$48.2M
Gunma Bank,2022,$1.3B,$96.2B,$167.9M
Harbin Bank,2022,$4.4B,$101.3B,$41.5M
CPI Property Group,2022,$792M,$16.3B,$1.5B
Will Semiconductor,2022,$3.7B,$5B,$694.1M
Kingboard Holdings,2022,$7.3B,$13.3B,$1.4B
Sinotrans Ltd.,2022,$19.2B,$11.7B,$575.2M
Bawag Group,2022,$2B,$64.1B,$567.2M
Rajesh Exports,2022,$30B,$2.7B,$157.3M
Autodesk,2022,$4.4B,$8.6B,$497M
Wacker Chemie,2022,$7.3B,$9.3B,$953.7M
Castellum,2022,$738M,$19.6B,$1.4B
DexCom,2022,$2.4B,$4.9B,$154.7M
Ganfeng Lithium,2022,$1.7B,$6.1B,$811.8M
New York Community Bancorp,2022,$1.8B,$59.6B,$587.8M
Usiminas,2022,$6.5B,$8.2B,$1.7B
China Communications Services,2022,$20.8B,$15.7B,$489.2M
Yamaguchi Financial,2022,$1.6B,$107.3B,$260.2M
China Development Bank Financial Leasing,2022,$3.5B,$53.6B,$608.3M
Shinsei Bank,2022,$2.6B,$91.7B,$512.9M
Banco Comercial Portugues,2022,$3.2B,$106.2B,$119.5M
BOK Financial,2022,$2B,$50.2B,$622.4M
Bank of Kyoto,2022,$1.2B,$109.1B,$195.7M
Meritz Securities,2022,$2.4B,$45.5B,$657.3M
World Fuel Services,2022,$31.3B,$5.9B,$73.6M
Nitto Denko,2022,$7.7B,$9B,$846.7M
Aena,2022,$2.7B,$18.6B,-$71M
Akelius Residential Property,2022,$429M,$14.2B,$2.8B
North Pacific Bank,2022,$1.1B,$112.6B,$103.2M
Dai Nippon Printing,2022,$12.3B,$16.6B,$641.9M
Hong Leong Financial,2022,$1.9B,$66.7B,$567.1M
Interactive Brokers Group,2022,$2.7B,$114.4B,$274M
Clal Insurance Enterprises ,2022,$8B,$39.9B,$329.1M
Japan Securities,2022,$274M,$116.8B,$43.2M
LG Household & Health Care,2022,$7.1B,$6.4B,$737.5M
CrowdStrike,2022,$1.5B,$3.6B,-$234.8M
Sino Biopharmaceutical,2022,$3.8B,$8.7B,$1.5B
Nishi-nippon Financial Holdings,2022,$1.2B,$118.6B,$188.9M
Commercial International Bank,2022,$3.2B,$31.7B,$847.1M
K+S,2022,$3.8B,$10.4B,$3.5B
Bank of Tianjin,2022,$5.5B,$113B,$494.1M
Xinyu Iron & Steel,2022,$16.2B,$9.1B,$652M
Investec,2022,$3.9B,$72.1B,$559.9M
China Northern Rare Earth High-Tech,2022,$4.7B,$5.4B,$795.4M
Trip.com Group,2022,$3.1B,$30.1B,-$88M
"Sumitomo Forestry Co.,",2022,$12.6B,$11.4B,$793.4M
Kyushu Financial Group,2022,$1.6B,$120.7B,$132.1M
NortonLifeLock,2022,$2.8B,$6.9B,$910M
Hachijuni Bank,2022,$1.3B,$120.9B,$284.6M
AB Sagax,2022,$377M,$6.9B,$1.1B
Snap,2022,$4.4B,$8.9B,-$560.7M
NiSource,2022,$4.9B,$25.3B,$584.9M
"LG Innotek Co.,",2022,$13.1B,$6.5B,$775.7M
Kaspi.kz JSC,2022,$2.2B,$8.3B,$1B
Bank Albilad,2022,$1.2B,$31B,$475.6M
SDIC Capital,2022,$3.2B,$38.7B,$743.1M
YPF ,2022,$13B,$23.3B,$2.7M
Stifel Financial,2022,$4.8B,$34.3B,$824.9M
Evolution Gaming Group AB,2022,$1.3B,$4.4B,$715.6M
Commercial Bank For Investment & Development Of Vietnam,2022,$5.4B,$77.3B,$463.2M
Check Point Software,2022,$2.2B,$5.9B,$815.6M
Qorvo,2022,$4.6B,$7.6B,$1.1B
Tingyi Holding,2022,$11.5B,$9.5B,$589.4M
Shizuoka Bank,2022,$2B,$127.3B,$431.7M
ZTO Express (Cayman),2022,$4.7B,$9.8B,$738.8M
Samsung Electro-Mechanics,2022,$8.4B,$8.4B,$779.3M
Korea Shipbuilding & Offshore Engineering,2022,$13.5B,$23B,-$811.5M
Invitation Homes,2022,$1.8B,$18.5B,$271.1M
Quilter,2022,$6.4B,$68.7B,$88M
HF Sinclair,2022,$18.4B,$13.2B,$551M
NH Investment & Securities,2022,$5.1B,$49.2B,$665M
Harel Insurance Investments & Financial Services,2022,$8.5B,$38.8B,$320.6M
Inner Mongolia Yitai Coal,2022,$7.5B,$14.5B,$1.3B
Owens Corning,2022,$8.5B,$10B,$995M
Snowflake,2022,$1.2B,$6.7B,-$679.9M
Shionogi,2022,$2.7B,$9B,$880.9M
Metro Group,2022,$30.8B,$14.5B,$47.3M
DXC Technology,2022,$16.6B,$20B,-$610M
Chugoku Electric Power,2022,$10.3B,$30.8B,-$317.3M
Palo Alto Networks,2022,$4.9B,$10.4B,-$461.5M
Hokuhoku Financial Group,2022,$1.6B,$150.2B,$218.6M
Kiwoom Securities,2022,$2B,$38.1B,$789.2M
Vulcan Materials,2022,$5.6B,$13.9B,$670.9M
OneMain Holdings,2022,$5B,$22.1B,$1.3B
Avantor,2022,$7.4B,$13.9B,$572.6M
China Resources Gas Group,2022,$10.1B,$13.6B,$822.8M
Momentum Metropolitan Holdings,2022,$9B,$36.5B,$16.2M
Royalty Pharma,2022,$2.3B,$17.5B,$619.8M
News Corp,2022,$10B,$16.5B,$496M
Oriental Land,2022,$2B,$9.5B,-$242.2M
HNA Technology,2022,$41.8B,$1.6B,-$1.6B
Knorr-Bremse,2022,$7.9B,$8.5B,$734.4M
Fortive,2022,$5.3B,$16.5B,$606.9M
Banca MPS,2022,$3.9B,$156.8B,$365.8M
Rocket Companies,2022,$10B,$32.8B,$308.4M
Adani Green Energy,2022,$419M,$3.9B,$14M
New Residential Investment,2022,$3B,$40B,$772.2M
Adani Ports & Special Economic Zone,2022,$2.1B,$11.4B,$678.8M
Kingdom Holding,2022,$477M,$13.5B,$1.8B
Hoa Phat Group,2022,$6.5B,$7.8B,$1.5B
Nine Dragons Paper Holdings,2022,$10.2B,$15.1B,$910.5M
West Pharmaceutical Services,2022,$2.8B,$3.3B,$661.8M
EQT,2022,$6.8B,$21.6B,-$1.2B
Chiba Bank,2022,$1.9B,$160.8B,$495.9M
Vietin Bank,2022,$4.4B,$67.2B,$612.4M
Bank of Guizhou,2022,$3.6B,$79.1B,$574.2M
All Nippon Airways,2022,$8.5B,$28.1B,-$1.8B
Atlassian,2022,$2.4B,$2.8B,-$530.8M
China Everbright International,2022,$6.4B,$25.7B,$875.4M
Kumho Petrochemical,2022,$7.4B,$6.8B,$1.7B
NIPPON EXPRESS HOLDINGS,2022,$20.6B,$14.2B,$591.9M
Scentre Group,2022,$1.7B,$26.7B,$666.4M
Tongkun Group,2022,$9.7B,$10B,$1.1B
Huafa Industrial,2022,$7.4B,$55.7B,$495.4M
Phosagro,2022,$4.7B,$5.6B,$1.4B
Globalfoundries,2022,$6.6B,$15B,-$254M
Wheaton Precious Metals,2022,$1.2B,$6.3B,$755.3M
Ingersoll Rand,2022,$5.4B,$15.2B,$757.4M
Medipal Holdings,2022,$29.8B,$15.4B,$331.4M
Taisei,2022,$13.8B,$15.5B,$691.2M
Shiseido,2022,$9.4B,$10.2B,$386.3M
China Nuclear Engineering Corporation,2022,$12.8B,$26.3B,$222.9M
B3,2022,$1.7B,$9.6B,$874.2M
Mebuki Financial Group,2022,$2B,$207.9B,$413.6M
SinoPac Financial,2022,$2.1B,$86.1B,$580.4M
Rexel,2022,$17.4B,$13.1B,$705.9M
Alliant Energy,2022,$3.7B,$19.2B,$674M
Crown Holdings,2022,$11.9B,$13.9B,-$551M
Aroundtown ,2022,$1.6B,$44.8B,$759.1M
Keppel,2022,$6.4B,$24B,$761M
Nitori Holdings,2022,$7.3B,$8.5B,$867.5M
Virgin Money UK,2022,$2.8B,$120.1B,$540.4M
US Foods,2022,$29.5B,$12.5B,$164M
Las Vegas Sands,2022,$4.2B,$20.1B,-$961M
Sonova Holding,2022,$3.4B,$6.2B,$738.4M
Commercial Bank of Qatar ,2022,$2.2B,$47.1B,$660.1M
FleetCor Technologies ,2022,$2.8B,$13.4B,$839.5M
Bank of India,2022,$6.3B,$98.5B,$390.6M
Halyk Bank,2022,$2.9B,$27.8B,$1.1B
Gecina,2022,$901M,$23.2B,$1B
RHB Bank,2022,$2.6B,$69.5B,$631.7M
Mondi,2022,$9.1B,$10.5B,$893.2M
Fukuoka Financial Group,2022,$2.5B,$251.7B,$483M
Wharf (Holdings),2022,$2.9B,$32.5B,$774.4M
KGHM Polska Miedz,2022,$8B,$11.6B,$1.6B
Amerco,2022,$5.6B,$16.6B,$1.1B
Agility,2022,$2.9B,$9.6B,$3.2B
Martin Marietta Materials,2022,$5.4B,$14.7B,$707.9M
Boston Properties,2022,$2.9B,$22.4B,$505.1M
Advanced Info Service,2022,$5.7B,$10.7B,$840.9M
Geberit,2022,$3.8B,$4.1B,$826.6M
Performance Food Group,2022,$39.7B,$12.2B,$36.9M
Incyte,2022,$3B,$5B,$948.6M
JM Smucker,2022,$7.9B,$16B,$574.8M
Zhongyuan Bank,2022,$5.4B,$120.5B,$552.3M
A2A,2022,$13.4B,$20.5B,$595.7M
Hyundai Glovis,2022,$19B,$10.2B,$683.7M
Zebra Technologies,2022,$5.6B,$6.2B,$837M
KakaoBank,2022,$929M,$30.3B,$178.2M
Unibail-Rodamco,2022,$3B,$62.5B,-$1.1B
VeriSign,2022,$1.3B,$2B,$784.8M
Nu Holdings,2022,$1.4B,$19.9B,-$165M
Sinotruk Hong Kong,2022,$14.5B,$16.8B,$668.2M
Adient,2022,$13.3B,$10.7B,$904M
BorgWarner,2022,$14.8B,$16.6B,$537M
Hilton,2022,$5.8B,$15.4B,$410M
Vipshop Holdings,2022,$18.2B,$9.8B,$728.6M
Acciona,2022,$9.6B,$22.3B,$392.5M
Bank of Jinzhou,2022,$6.2B,$133.3B,$197.6M
Bank of East Asia,2022,$3.1B,$116.4B,$573.7M
Globe Life,2022,$5.2B,$29.8B,$730.8M
Concordia Financial Group,2022,$2.7B,$203.7B,$360.8M
Equifax,2022,$5.1B,$11.4B,$764.4M
Kingspan Group PLC,2022,$7.7B,$7.3B,$654.9M
WEG,2022,$4.4B,$4.3B,$664.5M
Newcrest Mining,2022,$4.1B,$14.4B,$900.2M
Marfrig Global Foods,2022,$15.8B,$8.6B,$804.6M
Iida Group Holdings,2022,$12.6B,$13.7B,$976.3M
Thai Beverage,2022,$7.7B,$14B,$791.3M
Lotte Shopping,2022,$13.6B,$28.1B,-$255.2M
Synovus,2022,$2.1B,$56.4B,$744.4M
China CSSC Holdings,2022,$8.5B,$25B,$83.7M
Atmos Energy,2022,$3.5B,$20.5B,$696.6M
Erdemir,2022,$7.6B,$9.5B,$1.7B
Kerry Properties,2022,$2.1B,$25.7B,$1.3B
SLM,2022,$2.3B,$29.2B,$1.2B
Gartner,2022,$4.7B,$7.4B,$793.6M
BCI-Banco Credito,2022,$3.6B,$79.3B,$649.4M
Cooper Companies,2022,$3B,$11.7B,$938.9M
Verisk Analytics,2022,$3B,$7.8B,$666.2M
Brookfield Renewable,2022,$3.4B,$42B,$899M
IndusInd Bank,2022,$5.1B,$51.3B,$585.7M
Orient Securities,2022,$3.2B,$51.2B,$796M
Ventas,2022,$3.8B,$24.7B,$49M
Covivio,2022,$1.3B,$32.2B,$1.1B
First Citizens Bank (NC),2022,$2B,$58.3B,$547.5M
Charoen Pokphand Foods,2022,$16B,$25.2B,$388.2M
Ningxia Baofeng Energy Group,2022,$3.8B,$7.4B,$1.1B
Avery Dennison,2022,$8.4B,$8B,$740.1M
Teradyne,2022,$3.7B,$3.8B,$1B
UGI,2022,$8.7B,$16.8B,$1.1B
AVIC Capita,2022,$3.4B,$71.7B,$693.3M
Metalurgica Gerdau,2022,$14.5B,$13.4B,$904.1M
Duke Realty,2022,$1.1B,$10.4B,$851.5M
XP,2022,$2.3B,$25B,$665.9M
Unicharm,2022,$7.1B,$8.6B,$662.1M
West Japan Railway,2022,$8.9B,$32.3B,-$1.1B
Adani Enterprises,2022,$7.9B,$11.1B,$95.5M
Advance Auto Parts,2022,$11B,$12.2B,$616.1M
SS&C Technologies,2022,$5.1B,$17.3B,$800M
Mohawk Industries,2022,$11.2B,$14.2B,$1B
Align Technology,2022,$4B,$5.9B,$772M
ServiceNow,2022,$5.9B,$10.8B,$230M
Valeo,2022,$20.4B,$21.4B,$206.8M
Wistron,2022,$30.9B,$18B,$374.8M
Ahli United Bank,2022,$1.6B,$41.9B,$567.5M
Church & Dwight,2022,$5.2B,$8B,$827.5M
Bank of Chongqing,2022,$3.9B,$94.8B,$640.9M
Fortinet,2022,$3.3B,$5.9B,$606.8M
Franco-Nevada,2022,$1.3B,$6.2B,$733.8M
Olin,2022,$8.9B,$8.5B,$1.3B
Rivian,2022,$55M,$22.3B,-$4.7B
KION Group,2022,$12.2B,$19.2B,$671.8M
Thor Industries,2022,$14.9B,$7.7B,$922.4M
Osaka Gas,2022,$13.2B,$22.3B,$619.5M
Mettler-Toledo International,2022,$3.7B,$3.3B,$769M
Xiamen Xiangyu,2022,$71.6B,$15B,$335M
Epiroc,2022,$4.6B,$5.4B,$822.2M
Suntory Beverage & Food,2022,$11.5B,$14.6B,$625.1M
Sino-Ocean Group Holding,2022,$10.3B,$44.1B,$423.6M
SGS,2022,$7B,$7.7B,$670.5M
Henry Schein,2022,$12.4B,$8.5B,$623.9M
Chailease Holding,2022,$2.6B,$25.8B,$774.9M
Kawasaki Kisen Kaisha,2022,$6.5B,$11.7B,$4.3B
Attijariwafa Bank,2022,$4.7B,$64.4B,$572M
Williams-Sonoma,2022,$8.2B,$4.6B,$1.1B
Kimco Realty,2022,$1.4B,$18.5B,$838.1M
Wendel,2022,$8.9B,$16.1B,$1.2B
Adecco,2022,$24.8B,$13.5B,$691.6M
Westinghouse Air Brake Technologies,2022,$7.8B,$18.5B,$555.6M
China Grand Automotive Services,2022,$26.3B,$20.1B,$281.3M
Shimano,2022,$5B,$6.1B,$1.1B
Empire,2022,$23.3B,$12.9B,$590M
Xiamen International Trade Group,2022,$72B,$15.3B,$478.4M
Guangdong Haid Group,2022,$14B,$6.6B,$169.8M
Liberty Broadband,2022,$988M,$17.2B,$732M
AirBnB,2022,$6B,$13.7B,-$352M
Far East Horizon,2022,$5.5B,$52.7B,$854.9M
AGNC Investment,2022,$2B,$68.1B,$749M
Beijing Capital Development,2022,$10B,$49.3B,$107.3M
Quanta Services,2022,$13B,$12.9B,$486M
China Eastern Airlines,2022,$10.4B,$45.3B,-$1.9B
PerkinElmer,2022,$5.1B,$15B,$932.3M
Kesko,2022,$13.4B,$7.9B,$675.9M
Faurecia,2022,$18.5B,$24.6B,-$93.1M
Navient,2022,$3.5B,$80.6B,$717M
Indian Railway Finance,2022,$2.5B,$58B,$822.3M
Samsung Securities,2022,$2.1B,$55.3B,$843M
Mitsubishi Materials,2022,$15.6B,$18.3B,$681.4M
Wharf Real Estate Investment,2022,$2.1B,$34.9B,$564.9M
Euronext,2022,$1.6B,$165.9B,$488.6M
Packaging Corp of America,2022,$7.7B,$8B,$834.7M
Maanshan Iron & Steel,2022,$17.6B,$14.3B,$821.4M
First American Financial,2022,$9.2B,$16.5B,$1.2B
Brenntag,2022,$17B,$11.8B,$529.9M
Wens Foodstuff Group,2022,$10.1B,$15.2B,-$2.1B
Masraf Al Rayan,2022,$1.1B,$47.8B,$458.5M
Oji Holdings,2022,$13.1B,$17.8B,$820.3M
Spotify Technology,2022,$11.4B,$8.2B,-$38.6M
MercadoLibre,2022,$7.1B,$10.1B,$83.3M
RTL Group,2022,$7.8B,$12.2B,$1.5B
BNK Financial Group,2022,$4.2B,$107.9B,$663.3M
Berry Global Group,2022,$14.3B,$17.3B,$724M
MSCI,2022,$2B,$5.5B,$726M
Shanxi Taigang Stainless,2022,$15.7B,$10.6B,$978.3M
BPER Banca,2022,$4.5B,$155.1B,$620.7M
AGCO,2022,$11.1B,$9.2B,$897M
Grupo Elektra,2022,$7.2B,$20.7B,$638M
Cadence Design,2022,$3B,$4.4B,$696M
Coloplast,2022,$3.2B,$2.5B,$778.1M
Obayashi,2022,$17B,$20.8B,$600.6M
X5 Retail Group,2022,$29.9B,$16.2B,$579.5M
VakifBank,2022,$7.7B,$85.5B,$517.7M
Galp Energia,2022,$19B,$17B,$4.7M
Royal Caribbean Group,2022,$1.5B,$32.3B,-$5.3B
Zhongliang Holdings ,2022,$11.8B,$41.9B,$419M
Wolters Kluwer,2022,$5.6B,$10.4B,$860.5M
SDIC Power Holdings,2022,$6.3B,$37.3B,$578.6M
Powerlong Real Estate ,2022,$6.2B,$38.5B,$927.8M
Extra Space Storage,2022,$1.6B,$10.5B,$856.9M
XCMG Construction Machinery,2022,$13B,$17.3B,$870.6M
NetApp,2022,$6.2B,$9.5B,$1B
Taishin Financial Holdings,2022,$2.6B,$90.8B,$727.2M
Zoomlion Heavy Industry,2022,$10.4B,$19.1B,$974.9M
Indorama Ventures,2022,$14.6B,$16.2B,$809.5M
Wuestenrot & Wuerttembergische,2022,$8.1B,$85.1B,$414.3M
Assurant,2022,$10.2B,$27.7B,$449.9M
Brown-Forman,2022,$3.7B,$6.2B,$807M
Shengjing Bank,2022,$6.9B,$158B,$61.2M
Yuexiu Property ,2022,$8.9B,$49.3B,$555.8M
Ajinomoto,2022,$10.3B,$12.1B,$712.6M
South32,2022,$6.6B,$14B,$972.3M
LEG Immobilien AG,2022,$1.2B,$23.5B,$2B
Sonic Healthcare,2022,$7.1B,$9.1B,$1.1B
Waste Connections,2022,$6.2B,$14.8B,$617.5M
China Overseas Grand Oceans Group,2022,$8.4B,$31.2B,$782.8M
Halkbank,2022,$7.7B,$93.7B,$524.2M
IDEXX Laboratories,2022,$3.2B,$2.4B,$744.8M
Swatch Group,2022,$8B,$15B,$836.7M
Sun Pharma Industries,2022,$5.1B,$9.3B,$871.6M
McCormick,2022,$6.4B,$12.9B,$748.4M
Indian Bank,2022,$6.2B,$87B,$655M
ENN Natural Gas,2022,$17.9B,$20.1B,$636M
Garmin,2022,$5B,$7.9B,$1.1B
Terumo,2022,$6.3B,$12.2B,$822.4M
NEXON,2022,$2.5B,$8.6B,$1B
Compal Electronics,2022,$44.2B,$19.4B,$452.3M
Aurubis,2022,$20.4B,$8B,$875.6M
StoneX Group,2022,$47.6B,$19.2B,$134.2M
Japan Exchange Group,2022,$1.2B,$539.1B,$473.6M
Heimstaden AB Pref. Shs,2022,$1.1B,$39.3B,$1.2B
Guangzhou Rural Commercial Bank,2022,$7.2B,$182.3B,$490.2M
Smurfit Kappa Group,2022,$11.9B,$13.6B,$802.2M
Eurazeo,2022,$7.4B,$18.3B,$1.9B
Huadian Power International,2022,$15.5B,$34.9B,-$602.1M
Xinjiang Daqo New Energy,2022,$2.7B,$4.5B,$1.5B
Marathon Oil,2022,$5.6B,$17B,$946M
Magnit,2022,$25.2B,$16.4B,$652.7M
Sofina,2022,$118M,$13.7B,$3.1B
Bunzl,2022,$14.1B,$9.7B,$609M
Schroders,2022,$4.2B,$33B,$841.5M
Campbell Soup,2022,$8.3B,$12B,$921M
Teleperformance,2022,$8.4B,$9.5B,$658.4M
APA,2022,$8B,$13.3B,$973M
Tokyo Gas,2022,$17.5B,$27.3B,$345.5M
CSN,2022,$8.9B,$14.3B,$2.3B
Phoenix Holdings,2022,$8.7B,$45.2B,$608.2M
Hyundai Marine & Fire,2022,$13.1B,$43.4B,$362.8M
SSAB AB,2022,$11.2B,$12.4B,$1.7B
CJ Cheiljedang,2022,$23B,$22.6B,$535.2M
Krung Thai Bank,2022,$4.4B,$107.7B,$758.3M
International Airlines,2022,$9.9B,$39.1B,-$3.5B
Keysight Technologies,2022,$5B,$7.7B,$951M
NARI Technology Development,2022,$6.4B,$10.7B,$844.4M
DiDi Global,2022,$26.9B,$24B,-$7.6B
Brighthouse Financial,2022,$7.1B,$261.3B,-$108M
Electronic Arts,2022,$6.6B,$13.9B,$640M
Boliden,2022,$8B,$8.9B,$1B
CF Industries Holdings,2022,$6.5B,$12.6B,$917M
Flutter Entertainment,2022,$8.3B,$22.7B,-$571.9M
Arista Networks,2022,$2.9B,$5.7B,$840.9M
Tourmaline Oil,2022,$3.8B,$12.8B,$1.6B
AIB Group,2022,$3.3B,$145.4B,$726.9M
China Three Gorges Renewables (Group),2022,$1.6B,$30.4B,$520M
PPL,2022,$5.8B,$33.2B,$129M
China Resources Power,2022,$11.6B,$36.9B,$204.9M
Jacobs Engineering,2022,$14.1B,$14.8B,$281.1M
Adyen,2022,$7.1B,$6.6B,$555.2M
Banco BPM,2022,$5.4B,$228B,$672.6M
China Fortune Land Development,2022,$10.4B,$72.1B,-$2.6B
Arab National Bank,2022,$1.7B,$51.3B,$580.3M
LG ,2022,$4.3B,$21.6B,$1.9B
Skanska,2022,$16.8B,$15.4B,$799.6M
Hopson Development Holdings,2022,$4B,$44.4B,$1.3B
Inter Rao,2022,$15.1B,$13B,$1.3B
Skyworks Solutions,2022,$5.1B,$8.6B,$1.4B
Transurban Group,2022,$2.1B,$28.1B,-$80.3M
Nedbank,2022,$6.1B,$76.5B,$781M
Migdal Insurance,2022,$11.3B,$65.2B,$418.5M
HBIS,2022,$15.5B,$39.2B,$246M
Frontier Communications Parent,2022,$6.4B,$17.1B,$5B
Goertek,2022,$12.1B,$9.6B,$662.8M
Air France-KLM,2022,$16.9B,$34.9B,-$3.9B
Marvell Technology,2022,$4.5B,$22.1B,-$421M
SG Holdings,2022,$13.6B,$8B,$829.7M
Sojitz,2022,$18.1B,$21.8B,$658.1M
Ametek,2022,$5.5B,$11.9B,$990.1M
Popular,2022,$2.8B,$75.1B,$934.9M
Olam Group,2022,$35B,$23.8B,$467.9M
Dassault Aviation,2022,$8.6B,$18.4B,$715.6M
Yara International,2022,$16.6B,$17.3B,$432.7M
Dongguan Rural Commercial Bank,2022,$3.8B,$93.1B,$867M
Schaeffler,2022,$16.4B,$16.9B,$893.6M
Jiangsu Hengrui Medicine,2022,$4.3B,$6B,$964.4M
Universal Health Services,2022,$12.6B,$13.1B,$989.5M
Grupo Inbursa,2022,$3.5B,$27.9B,$1B
Copart,2022,$3.2B,$5.1B,$1.1B
New Hope Liuhe,2022,$19.9B,$20.3B,-$1B
Sichuan Road & Bridge,2022,$13.1B,$21.5B,$865.5M
Vienna Insurance Group,2022,$12.6B,$58B,$444.1M
Hydro One,2022,$5.8B,$24.1B,$769.7M
Samhallsbyggnadsbolaget I Norden,2022,$692M,$21.5B,$2.8B
Chongqing Changan Auto,2022,$16B,$20.4B,$435M
Canadian Tire,2022,$13B,$17.3B,$899.4M
Kohl's,2022,$19.4B,$15.1B,$938M
Mitsui Chemicals,2022,$13.8B,$16.1B,$1.1B
Akbank,2022,$6B,$61.9B,$946.4M
Midea Real Estate Holding,2022,$11.5B,$45.3B,$580M
Banco de Sabadell,2022,$7B,$286.5B,$524.9M
Old Dominion Freight Line,2022,$5.3B,$4.8B,$1B
Bangkok Bank,2022,$5.4B,$130.6B,$816.8M
Israel Discount Bank,2022,$3.9B,$107.7B,$858.5M
Wuxi Apptec,2022,$3.6B,$8.7B,$790.7M
Metro,2022,$14.6B,$10.8B,$677.9M
Western Alliance Bancorp.,2022,$2.3B,$60.6B,$946.8M
China Gas Holdings,2022,$10.5B,$19.9B,$1.2B
Dick's Sporting Goods,2022,$12.3B,$9B,$1.5B
Shanxi Xinghuacun Fen Wine Factory,2022,$2.6B,$4.1B,$844.6M
KPN,2022,$6.2B,$14.5B,$1.5B
Eurofins Scientific Societe Europeenne,2022,$7.9B,$10.6B,$925M
Raizen,2022,$30.1B,$18.9B,$619M
Sharp,2022,$22.8B,$17.1B,$755M
Lundbergs,2022,$3.4B,$22.4B,$1.3B
HD HYUNDAI,2022,$24.9B,$30.1B,-$115.5M
Wuchan Zhongda Group,2022,$87.3B,$20.4B,$393.5M
Hologic,2022,$5.5B,$9.3B,$1.7B
Guangzhou R&F,2022,$12.4B,$63.7B,-$1.4B
Nippon Paint,2022,$9.2B,$17B,$615M
Kobe Steel,2022,$18B,$23.2B,$669.1M
Arkema,2022,$11.3B,$14B,$1.5B
Bank Of Guiyang,2022,$4.7B,$92.4B,$923.1M
Bank of Greece,2022,$1.1B,$224.2B,$754M
Datang International Power,2022,$15.8B,$46.5B,-$1.7B
Royal Mail,2022,$17.8B,$13.7B,$1.2B
Petronas Chemicals,2022,$5.6B,$11.5B,$1.8B
Illumina,2022,$4.5B,$15.2B,$761M
Synopsys,2022,$4.5B,$8.9B,$908.9M
Top Frontier Investment Holdings,2022,$17.3B,$41.2B,$44M
Santos,2022,$4.8B,$31.1B,$656.3M
Alstom,2022,$15.2B,$35.1B,$65.7M
Alcoa,2022,$12.8B,$16B,$723M
Goodyear,2022,$17.5B,$21.4B,$764M
Ferrari,2022,$5B,$7.8B,$982M
Jeronimo Martins,2022,$24.7B,$11.8B,$547.1M
Old Republic International,2022,$9.3B,$20.4B,$1.5B
Shanghai Electric Group,2022,$19.9B,$31.7B,-$1.6B
Tenaris,2022,$6.5B,$14.4B,$1.1B
Chipotle Mexican Grill,2022,$7.5B,$7.6B,$653M
VICI Properties,2022,$1.5B,$17.6B,$1B
Kyushu Electric Power,2022,$16.2B,$45.9B,$115.7M
ON Semiconductor Corp.,2022,$6.7B,$9.6B,$1B
Terna,2022,$3.1B,$23.8B,$948.2M
Zimmer Biomet,2022,$7.8B,$23.5B,$401.6M
Bluescope Steel,2022,$12.4B,$10.8B,$1.9B
Inner Mongolia Baotou Steel,2022,$13.2B,$23.2B,$444.5M
GAIL India,2022,$11B,$12B,$1.5B
Turkish Airlines,2022,$10.9B,$26.6B,$920.1M
Toppan Printing,2022,$13.8B,$20.3B,$982M
Mirae Asset Financial Group,2022,$3.5B,$91.4B,$1B
PGE Polska Grupa Energetyczna,2022,$12B,$21.7B,$1.1B
Banca Mediolanum,2022,$6.4B,$83.5B,$842.8M
Carnival Corporation,2022,$3.5B,$53.3B,-$9.4B
Tohoku Electric Power,2022,$19.5B,$40.1B,-$171.3M
Vistra Energy,2022,$13.3B,$30.5B,-$1.3B
EQT AB,2022,$1.8B,$4.4B,$1.1B
TransDigm Group,2022,$4.9B,$19.2B,$747M
Experian,2022,$5.9B,$10.4B,$985.4M
Leidos,2022,$13.7B,$13.3B,$753M
Towngas,2022,$6.9B,$21.6B,$645.5M
Beiersdorf,2022,$9B,$13B,$754.1M
Olympus,2022,$7.7B,$11.2B,$901.9M
Kerry Group,2022,$8.7B,$13B,$901.9M
Eastman Chemical,2022,$10.5B,$15.5B,$857M
Hua Nan Financial,2022,$2.5B,$125.1B,$616M
Targa Resources,2022,$17.4B,$16.4B,$71.2M
Expedia Group,2022,$8.6B,$21.5B,$12M
Jiangsu Yanghe Brewery,2022,$3.1B,$8.7B,$1.2B
National Bank of Greece,2022,$2.7B,$95.5B,$1B
Umicore,2022,$28.4B,$10.4B,$731.6M
Suning.com,2022,$28.6B,$32.4B,-$1.9B
BBMG,2022,$18.9B,$44.9B,$454M
Kuaishou Technology,2022,$12.6B,$14.5B,-$12.1B
Bank of Changsha,2022,$5.7B,$121.7B,$941.9M
Voestalpine,2022,$16.8B,$17.9B,$1B
China Resources Pharmaceutical Group,2022,$30.5B,$31.9B,$484.9M
Evergy,2022,$5.6B,$28.5B,$879.7M
Kirin Holdings,2022,$16.6B,$21.5B,$544.2M
Alpha Dhabi Holding,2022,$5.1B,$12.9B,$866.2M
NVR,2022,$8.7B,$5.8B,$1.2B
Magnitogorsk Iron & Steel,2022,$11.9B,$9.8B,$3.1B
Zoom Video Communications,2022,$4.1B,$7.6B,$1.4B
Secom,2022,$9.5B,$16.3B,$854.8M
Fastenal,2022,$6.3B,$4.5B,$984M
Hexagon ,2022,$5.1B,$16B,$947.7M
Cemex,2022,$14.6B,$26.7B,$800.1M
New World Development,2022,$8.9B,$82.1B,$204.4M
Textron,2022,$12.4B,$15.8B,$746M
STO Express,2022,$39.2B,$29.4B,-$1.4B
ZIM Integrated Shipping Services,2022,$10.7B,$9.8B,$4.6B
Chongqing Zhifei Biological Products,2022,$4.7B,$4.7B,$1.6B
China National Chemical,2022,$20.5B,$25.2B,$581.2M
Caesars Entertainment,2022,$9.5B,$38B,-$1B
Angang Steel,2022,$21B,$15.3B,$1.1B
Steel Authority of India,2022,$13B,$15.9B,$1.8B
Kajima,2022,$18.2B,$19.6B,$941.5M
Welltower,2022,$4.7B,$34.9B,$336.1M
CapitaLand Investment,2022,$1.8B,$27.9B,$1B
Fastighets Balder,2022,$1B,$25.4B,$2.2B
Hess,2022,$7.7B,$20.5B,$559M
Falabella,2022,$15.1B,$25.2B,$857M
Coupang,2022,$18.4B,$8.6B,-$1.5B
Darden Restaurants,2022,$9.3B,$10.2B,$1B
CJ Corporation,2022,$30.1B,$35.3B,$240.1M
Storebrand,2022,$13.8B,$87.9B,$363.2M
Kingfisher,2022,$18.1B,$16.6B,$1.2B
Old Mutual,2022,$16.8B,$65.2B,$450.4M
Sodexo,2022,$22.3B,$22.1B,$518.1M
Bank Negara Indonesia,2022,$4.8B,$67.7B,$762.4M
DaVita,2022,$11.6B,$17.9B,$978.5M
Altice USA,2022,$10.1B,$34B,$990.3M
Penske Automotive,2022,$25.6B,$14.2B,$1.2B
Yum China Holdings,2022,$9.9B,$13.2B,$990M
Impala Platinum Holdings,2022,$8.6B,$8.9B,$2.4B
Foshan Haitian Flavouring and Food,2022,$3.8B,$5.2B,$1B
Yamaha Motor,2022,$16.5B,$15.9B,$1.4B
Lotte Chemical,2022,$15.8B,$19.2B,$1.2B
Rolls-Royce Holdings,2022,$15.4B,$38.8B,$218.7M
Leonardo,2022,$16.7B,$32.3B,$692.6M
Evraz Group,2022,$13.5B,$9.9B,$3B
Cellnex Telecom,2022,$3B,$47.5B,-$415.3M
BAIC Motor,2022,$27.3B,$28.4B,$597.1M
Itaúsa,2022,$1.5B,$15.4B,$2.3B
Ulta Beauty,2022,$8.6B,$5.3B,$985.8M
Korea Investment Holdings,2022,$3.1B,$69B,$1.5B
Kaisa Group Holdings,2022,$9.5B,$49.4B,$847.8M
East West Bancorp,2022,$1.9B,$62.2B,$905.6M
J Sainsbury,2022,$40.8B,$34.6B,$389.9M
Scor,2022,$17.2B,$53.9B,$539M
AES,2022,$11.1B,$33B,-$413M
Dover,2022,$8.1B,$10.5B,$1.1B
Innolux,2022,$12.5B,$16.9B,$2.1B
Partners Group Holding,2022,$3.2B,$5.3B,$1.6B
Bath & Body Works,2022,$11.1B,$6B,$1.3B
Luzhou Lao Jiao,2022,$2.9B,$6.8B,$1.2B
Polyus,2022,$5B,$7.9B,$2.3B
Chow Tai Fook Jewellery,2022,$11.6B,$10.2B,$950M
Givaudan,2022,$7.3B,$12.5B,$898M
China Huarong Asset Management,2022,$11.2B,$246.1B,$58.7M
TBEA,2022,$9.4B,$19.8B,$1.1B
Jabil Circuit,2022,$30.7B,$17.4B,$807.5M
Greentown China Holdings,2022,$15.7B,$81.8B,$504.5M
Rockwell Automation,2022,$7.3B,$10.7B,$1B
Nongfu Spring,2022,$4.6B,$5.2B,$1.1B
West Fraser Timber Co.,2022,$10.5B,$10.4B,$2.9B
Siam Commercial Bank,2022,$5.4B,$101.4B,$1.1B
AU Optronics,2022,$13.3B,$15.4B,$2.2B
Beijing Enterprises,2022,$10.3B,$28.6B,$1.3B
Realty Income,2022,$2.1B,$43.1B,$350.3M
Lululemon Athletica,2022,$6.3B,$4.9B,$975.3M
J.B. Hunt Transport Services,2022,$13B,$7B,$857.5M
Mediobanca,2022,$3.7B,$101.3B,$1.1B
Finatis,2022,$36.1B,$38.4B,-$582.7M
AutoNation,2022,$26.7B,$9.4B,$1.5B
China Aoyuan Group,2022,$10.9B,$48.9B,$838.2M
Coterra Energy ,2022,$3.7B,$20.3B,$1.2B
Helvetia Holding,2022,$13.8B,$76.8B,$543.8M
Ovintiv,2022,$10.5B,$14.1B,$1.4B
Monster Beverage,2022,$5.5B,$7.9B,$1.4B
Credicorp,2022,$4.9B,$61.3B,$915.7M
China Longyuan Power,2022,$5.7B,$29.7B,$993M
Paychex,2022,$4.5B,$10.3B,$1.4B
China Southern Airlines,2022,$15.8B,$50.7B,-$1.9B
Dassault Systemes,2022,$5.7B,$16.2B,$914.5M
CNPC Capital,2022,$5.3B,$155.4B,$860.6M
Telecom Italia,2022,$18.2B,$78.7B,-$10.2B
China Galaxy Securities,2022,$5B,$87.9B,$1.6B
BDO Unibank,2022,$4.3B,$69.5B,$904.2M
Meritz Financial Group,2022,$11B,$68.6B,$668.5M
Mazda Motor,2022,$28.1B,$26.1B,$691.9M
Unicaja Banco,2022,$1.7B,$131.4B,$1.3B
Genworth Financial,2022,$7.8B,$83.2B,$904M
Chesapeake Energy,2022,$7.3B,$11B,$6.3B
GD Power Development,2022,$23.2B,$59B,$349M
Grupo Bimbo,2022,$17.2B,$16.5B,$788.3M
Swire Pacific,2022,$11.7B,$56B,$640M
Shenzhen Mindray Bio-Medical Electronics,2022,$4.1B,$6B,$1.3B
Lithia Motors,2022,$25.2B,$12.1B,$1.2B
Hoya,2022,$5.9B,$8.4B,$1.4B
Chubu Electric Power,2022,$24.1B,$53B,-$205.7M
Kuwait Finance House,2022,$3.5B,$73B,$483.8M
Csc Financial,2022,$6.1B,$71B,$1.5B
LKQ,2022,$13.1B,$12.6B,$1.1B
ThyssenKrupp Group,2022,$42.2B,$41B,$160.7M
Tongwei,2022,$9.1B,$12.9B,$955.7M
Liberty Media Corporation Series A Liberty Formula One,2022,$11.4B,$44.4B,$398M
Agilent Technologies,2022,$6.4B,$10.3B,$1.2B
Flex,2022,$25.5B,$18.2B,$1B
First Financial Holding,2022,$2.9B,$135.2B,$706.7M
Randstad N.V.,2022,$29.1B,$12.8B,$907.8M
Sibanye Stillwater,2022,$11.6B,$9.6B,$2.2B
Akzo Nobel,2022,$11.4B,$17.4B,$889.6M
AvalonBay Communities,2022,$2.3B,$19.9B,$1B
Microchip Technology,2022,$6.4B,$16B,$963.6M
Celanese,2022,$8.5B,$12B,$1.9B
CGI,2022,$9.7B,$11.6B,$1.1B
Beijing Shougang,2022,$20.6B,$23.1B,$924M
UCB,2022,$6.8B,$16.2B,$1.3B
Interpublic Group,2022,$10.2B,$19.9B,$952.8M
Mahindra & Mahindra,2022,$11.6B,$22.4B,$731.7M
Guangzhou Automobile Group,2022,$11.7B,$24.2B,$1.2B
JDE Peet's,2022,$8.3B,$25B,$904.2M
Cosmo Energy Holdings,2022,$21.9B,$16.9B,$1.4B
Bank Of Chengdu,2022,$4.7B,$115.5B,$1.1B
Zions Bancorp,2022,$3B,$93.2B,$1.1B
Alinma Bank,2022,$1.9B,$46.2B,$722.2M
Verbund,2022,$5.6B,$19.5B,$1B
C.H. Robinson,2022,$23.1B,$7B,$844.2M
Teva Pharmaceutical,2022,$15.8B,$47.7B,$423.1M
PTT Global Chemical,2022,$14.6B,$22.6B,$1.4B
Bankinter,2022,$2.8B,$123.3B,$1.6B
Reliance Steel,2022,$14.1B,$9.5B,$1.4B
PulteGroup,2022,$13.9B,$13.4B,$1.9B
Uni-President,2022,$17B,$18.6B,$711.7M
Wan Hai Lines,2022,$8.2B,$9.3B,$3.7B
Equinix,2022,$6.6B,$27.9B,$500.2M
Rosseti,2022,$14.5B,$38.9B,$787.2M
Alcon,2022,$8.3B,$28B,$375.8M
Antofagasta,2022,$7.5B,$17.3B,$1.3B
3i Group,2022,$331M,$16.6B,$3.8B
Ashtead Group,2022,$7.6B,$14.8B,$1.2B
RiseSun Real Estate Development,2022,$10.9B,$44.9B,$952.4M
Kakao,2022,$5.4B,$19.2B,$1.2B
Bio-Rad Laboratories,2022,$2.9B,$17.8B,$4.2B
Delta Electronics,2022,$11.3B,$13.2B,$959.3M
Schindler Holding,2022,$12.3B,$13.1B,$905.6M
Telenor,2022,$13B,$25.6B,$237.8M
Invesco,2022,$7B,$32.7B,$1.6B
Comerica,2022,$3B,$89.2B,$1B
NASDAQ,2022,$5.8B,$20.8B,$1.2B
Industries Qatar,2022,$4.2B,$11.6B,$2.2B
Daiwa Securities,2022,$5.8B,$229.4B,$1.2B
Punjab National Bank,2022,$12.1B,$178.9B,$571.2M
TD SYNNEX,2022,$42.1B,$28.7B,$436.4M
American Financial Group,2022,$6.2B,$24.9B,$2B
Deutsche Lufthansa,2022,$19.9B,$49.5B,-$2.6B
Mizrahi Tefahot Bank,2022,$4.3B,$126B,$987M
Bâloise Group,2022,$11.1B,$97.8B,$643.6M
Unum,2022,$12B,$59.5B,$824.2M
Jones Lang LaSalle,2022,$19.5B,$15.5B,$961.6M
Hunan Valin Steel,2022,$25.8B,$16.6B,$1.4B
AGC,2022,$15.4B,$23.2B,$1.1B
Shaanxi Construction Engineering Group,2022,$23.8B,$34.6B,$717.5M
Legrand,2022,$8.3B,$16B,$1.1B
Shanghai Pharmaceuticals,2022,$33.4B,$25.6B,$787.8M
Yango Group,2022,$12.6B,$57.9B,$828.3M
Fanuc,2022,$6.5B,$14.8B,$1.4B
China Jinmao,2022,$14B,$64.6B,$724.5M
Pegatron,2022,$45.2B,$24.5B,$735.6M
Constellation Brands,2022,$8.8B,$25.9B,-$40.4M
Taiwan Cooperative Financial,2022,$2.7B,$160.3B,$735.1M
Anta Sports Products,2022,$7.7B,$9.8B,$1.2B
OTP Bank,2022,$5.8B,$85B,$1.5B
Goodman Group,2022,$1.3B,$13.9B,$2.5B
Edwards Lifesciences,2022,$5.2B,$8.5B,$1.5B
SM Investments,2022,$8.1B,$26.3B,$781M
Eletrobrás,2022,$7B,$33.4B,$1B
eBay,2022,$10.9B,$26.6B,-$2.2B
Block,2022,$17.7B,$13.9B,$166.3M
iA Financial Corporation,2022,$13.3B,$73.2B,$679.6M
Toray Industries,2022,$19.7B,$25.7B,$975.7M
Molina Healthcare,2022,$27.8B,$12.2B,$659M
First Horizon,2022,$3.1B,$88.7B,$962M
Db Insurance,2022,$15B,$53.6B,$759.3M
E.Sun Financial,2022,$3.1B,$116.8B,$736M
First Quantum Minerals,2022,$8.3B,$25.3B,$833.4M
AerCap Holdings,2022,$4.5B,$74.6B,$1B
Dentsu,2022,$9.9B,$32.3B,$986.5M
Yum! Brands,2022,$6.6B,$6B,$1.6B
Continental Resources,2022,$5.8B,$19B,$1.7B
Dubai Islamic Bank,2022,$3.2B,$76B,$1B
Suzano Papel e Celulose,2022,$7.6B,$21.4B,$1.6B
Geely Automobile Holdings,2022,$15.8B,$21.1B,$731.9M
Grupo Aval,2022,$10.3B,$90.1B,$879.7M
China Mengniu Dairy,2022,$13.7B,$15.4B,$778.6M
Shenzhen Overseas,2022,$14.9B,$75.3B,$589.1M
Tenet Healthcare,2022,$19.4B,$26.7B,$957M
Kao ,2022,$12.9B,$14.8B,$997.8M
Arrow Electronics,2022,$34.5B,$19.5B,$1.1B
Grupa PZU,2022,$10.1B,$99.3B,$863.7M
Union Bank of India,2022,$11.3B,$148.9B,$673.2M
Centrica,2022,$20.3B,$36.7B,$805.9M
Huaneng Power International,2022,$31.5B,$78.6B,-$2B
China International Marine,2022,$25.3B,$24.2B,$1B
Restaurant Brands International,2022,$5.7B,$23.2B,$1.2B
Macy's,2022,$25.3B,$18.9B,$1.4B
Link REIT,2022,$1.5B,$28B,$1.5B
Molson Coors Brewing,2022,$10.3B,$27.6B,$1B
Sasol,2022,$15.5B,$24.7B,$643.6M
SMC,2022,$6.4B,$14.8B,$1.7B
Cintas,2022,$7.6B,$8.2B,$1.2B
Solvay,2022,$13.5B,$22.8B,$1.1B
Pembina Pipeline,2022,$6.9B,$24.9B,$990.6M
Quest Diagnostics,2022,$10.7B,$13.4B,$1.9B
Hormel Foods,2022,$12B,$12.8B,$926.1M
Shenwan Hongyuan Group,2022,$6.8B,$94.3B,$1.5B
Qatar Islamic Bank,2022,$1.8B,$52.9B,$1B
Reinsurance Group of America,2022,$16.7B,$89.6B,$617M
GS Holdings,2022,$17.7B,$26.2B,$1.3B
Gerdau (Cosigua),2022,$14.5B,$13.3B,$2.9B
Banque Saudi Fransi,2022,$2.2B,$57.5B,$919.8M
MOL Hungarian Oil,2022,$19.6B,$20B,$1.7B
Aptiv,2022,$15.6B,$18B,$590M
Agile Group Holdings,2022,$11.5B,$49.7B,$1B
CP All,2022,$17.7B,$27.9B,$374.4M
Tractor Supply,2022,$13B,$7.7B,$1B
Bank of Baroda,2022,$12.1B,$167.8B,$686.7M
Equity Residential,2022,$2.4B,$21.2B,$1.3B
Bancolombia,2022,$6.1B,$71.2B,$1.1B
Voya Financial,2022,$4.2B,$158.5B,$2.1B
Suncorp Group,2022,$9.9B,$72.3B,$698.8M
Joint Stock Commercial Bank for Foreign Trade of Vietnam,2022,$3.9B,$62.1B,$955M
Motorola Solutions,2022,$8.2B,$12.2B,$1.2B
Shanghai Rural Commercial Bank,2022,$5.8B,$164.3B,$1.2B
Julius Baer Group,2022,$5B,$127.6B,$1.2B
Severstal,2022,$11.6B,$8.7B,$4.1B
Jefferies Financial ,2022,$8.6B,$60B,$1.4B
S-Oil,2022,$24B,$15.8B,$1.2B
Emaar Properties,2022,$7.9B,$33.2B,$1B
Braskem,2022,$19.6B,$16.6B,$2.6B
Amcor,2022,$13.6B,$17.1B,$949M
WH Group ,2022,$27.3B,$19.4B,$1.1B
Semiconductor Manufacturing International,2022,$5.5B,$36.1B,$1.7B
Carlsberg,2022,$10.6B,$19.3B,$1.1B
Alexandria Real Estate Equities,2022,$2.1B,$30.2B,$983.3M
Korea Gas,2022,$24B,$36.7B,$830.2M
Subaru,2022,$25.1B,$29.5B,$593.2M
Sanlam,2022,$14.4B,$64.9B,$640.5M
Snam,2022,$3.9B,$30.6B,$1.8B
Intuitive Surgical,2022,$5.9B,$13.7B,$1.6B
PKO Bank Polski,2022,$4.5B,$103.7B,$1.3B
Vestas Wind Systems,2022,$18.4B,$22.4B,$197.4M
ENN Energy Holdings,2022,$14.4B,$15.7B,$1.2B
United Microelectronics,2022,$7.6B,$16.8B,$2B
Viatris,2022,$17.9B,$54.8B,-$1.3B
Jiangsu Zhongnan Construction Group,2022,$14B,$54.3B,$946.2M
Shanghai Construction ,2022,$43.4B,$55.5B,$584.4M
Builders FirstSource,2022,$19.9B,$10.7B,$1.7B
Essity,2022,$14.6B,$19.3B,$795.1M
Shopify,2022,$4.6B,$13.3B,$2.9B
Covestro,2022,$18.8B,$18B,$1.9B
Equitable Holdings,2022,$11B,$292.3B,-$439M
WW Grainger,2022,$13B,$6.6B,$1B
Associated British Foods,2022,$19B,$22.8B,$654M
Canara Bank,2022,$12.7B,$164.7B,$730.6M
China International Capital,2022,$3.6B,$102B,$1.6B
Asustek Computer,2022,$19.2B,$18.2B,$1.6B
American Water Works,2022,$3.9B,$27B,$1.3B
VF,2022,$11.6B,$13.5B,$1.4B
Jiangxi Copper,2022,$68.5B,$25.3B,$894.6M
Mitsubishi UFJ Lease,2022,$14B,$86.1B,$824M
China Molybdenum,2022,$26.8B,$21.6B,$792.4M
M&G,2022,$23.4B,$294.5B,$114.2M
Seagate Technology,2022,$12B,$9.4B,$1.8B
Alleghany,2022,$12B,$30.1B,$1B
Avis Budget Group,2022,$9.3B,$22.6B,$1.3B
China National Nuclear Power,2022,$9.6B,$64.3B,$471.8M
Yuanta Financial Holding,2022,$5.8B,$109.3B,$1.2B
Sabanci Holding,2022,$10.5B,$61.7B,$1.3B
AntarChile,2022,$24.9B,$25.9B,$1.2B
Guosen Securities,2022,$3.8B,$56.3B,$1.4B
Sumitomo Metal Mining,2022,$10.7B,$17.9B,$2B
China Merchants Securities,2022,$5.7B,$93.7B,$1.7B
HMM,2022,$12B,$15B,$4.6B
Annaly Capital Management,2022,$731M,$76.8B,$2.4B
GF Securities,2022,$5.8B,$84.1B,$1.7B
Coles Group,2022,$29.4B,$15.2B,$746.1M
Central Japan Railway,2022,$8.3B,$81.5B,-$931.9M
Techtronic Industries,2022,$13.2B,$13B,$1.1B
Ferrovial,2022,$8B,$28.3B,$1B
E-mart ,2022,$21.8B,$26.3B,$1.4B
CIMB Group Holdings,2022,$5.7B,$149.3B,$1B
Kone,2022,$12.4B,$11.1B,$1.2B
SBI Holdings,2022,$5.6B,$152.5B,$3.6B
Renesas Electronics,2022,$9.1B,$20.9B,$1.2B
Universal Music Group,2022,$10.1B,$13.9B,$1B
Unipol Gruppo,2022,$16.9B,$90.3B,$740.6M
Isbank,2022,$12.2B,$95.4B,$946.6M
Isuzu Motors,2022,$21.7B,$23.6B,$1.1B
Public Service Enterprise Group,2022,$8.7B,$49B,-$648M
KT ,2022,$21.7B,$31.3B,$1.2B
LG Display,2022,$26.1B,$32.1B,$1B
Commerzbank,2022,$14.8B,$537.9B,$509.4M
Bajaj Finserv ,2022,$8.6B,$41.5B,$566.7M
Logan Property Holdings,2022,$12.2B,$44.9B,$1.5B
Conagra Brands,2022,$11.4B,$22.5B,$1B
Hyundai Steel,2022,$20B,$31.2B,$1.3B
Assa Abloy,2022,$11.1B,$14.4B,$1.3B
Expeditors International,2022,$16.7B,$7.6B,$1.4B
Ameren,2022,$6.4B,$35.7B,$990M
Chunghwa Telecom,2022,$7.5B,$18.5B,$1.3B
EN+ Group International ,2022,$14.1B,$25.8B,$2.7B
Ternium,2022,$16B,$17.1B,$3.8B
Mitsui OSK Lines,2022,$10.8B,$22.2B,$4.7B
CEZ Group,2022,$10.9B,$54.1B,$451.5M
Daiichi Sankyo,2022,$9.4B,$18.8B,$859.8M
Bank of Ireland,2022,$8.4B,$176.6B,$1.2B
Roper Technologies,2022,$6.1B,$23.7B,$1.1B
ZTE,2022,$17.6B,$26.6B,$1.1B
Atlantia,2022,$6.2B,$98B,$739.9M
International Flavors & Fragrances,2022,$11.7B,$39.7B,$268M
Asr Nederland,2022,$11.7B,$84.9B,$1.1B
Signature Bank,2022,$2.5B,$121.8B,$1.1B
Sika,2022,$10.1B,$12B,$1.1B
Franklin Resources,2022,$8.7B,$25B,$1.9B
Saudi British Bank,2022,$2.4B,$72.6B,$854.4M
China International Travel Service,2022,$10.4B,$8.7B,$1.1B
Kansai Electric Power,2022,$26B,$72.7B,$613.5M
Aluminum Corp of China,2022,$41.8B,$30.2B,$754.4M
Genuine Parts,2022,$19.7B,$16.3B,$926.9M
T Rowe Price,2022,$7.7B,$12.5B,$3B
Moody's,2022,$6.2B,$14.7B,$2.2B
WR Berkley,2022,$9.5B,$28.5B,$1B
Rakuten,2022,$15.3B,$146.2B,-$1.2B
Shanghai International Port,2022,$5.2B,$26.8B,$2.3B
Pgnig Group,2022,$18.3B,$25.2B,$1.6B
ITC,2022,$7.9B,$10B,$2B
Tokyo Electric Power,2022,$47.9B,$109.1B,$548.1M
Public Storage,2022,$3.4B,$17.4B,$1.9B
MTN Group,2022,$12.3B,$22.9B,$929.7M
Compass Group,2022,$24.5B,$20B,$488.4M
Jinke Property Group,2022,$15.6B,$61B,$1.1B
The Hershey Company,2022,$9B,$10.4B,$1.5B
Beijing-Shanghai High-Speed Railway,2022,$4.7B,$46.4B,$880M
Nomura,2022,$12.9B,$392.6B,-$394.8M
Tenaga Nasional,2022,$12.7B,$43.8B,$883.4M
CDW,2022,$20.8B,$13.2B,$988.6M
CMS Energy,2022,$7.4B,$28.8B,$1.4B
Quinenco,2022,$8.5B,$72.5B,$2.5B
TDK,2022,$16.3B,$24.4B,$1.1B
East Money Information  ,2022,$2.1B,$29B,$1.3B
Zhongsheng Group Holdings,2022,$27.1B,$13.4B,$1.3B
Shin Kong Financial,2022,$15.6B,$169.3B,$811M
Naver,2022,$6.1B,$28.3B,$1.1B
Evonik Industries,2022,$18.7B,$26.7B,$884.1M
Mega Financial Holding,2022,$2.6B,$150.7B,$921.2M
Novolipetsk Steel,2022,$16.2B,$12.2B,$5B
QBE Insurance Group,2022,$13.9B,$43.4B,$746.1M
Absa Group,2022,$9B,$102.8B,$1.2B
Segro,2022,$751M,$24.1B,$5.6B
Grasim Industries,2022,$12.3B,$36.9B,$877.5M
Phoenix Group Holdings,2022,$33.5B,$440.5B,-$1.2B
Yang Ming Marine Transport,2022,$11.9B,$13.9B,$5.9B
St. James's Place,2022,$24.4B,$210.8B,$394.3M
Otis Worldwide,2022,$14.3B,$12.3B,$1.2B
Power Grid of India,2022,$5.6B,$34.6B,$2.2B
Diamondback Energy,2022,$6.8B,$22.9B,$2.2B
Wipro,2022,$10.1B,$13.7B,$1.6B
Apollo Global Management,2022,$4.8B,$30.5B,$1.8B
Stora Enso,2022,$12B,$21.6B,$1.5B
Ball,2022,$13.9B,$19.7B,$878M
Sumitomo Electric,2022,$30B,$31.9B,$964.5M
HCL Technologies,2022,$11.2B,$11.6B,$1.5B
Sumitomo Realty,2022,$8.4B,$49.5B,$1.3B
SK Innovation ,2022,$40.9B,$41.7B,$266M
Formosa Chemicals,2022,$13.1B,$21.6B,$1.4B
UPM-Kymmene,2022,$11.6B,$20.4B,$1.5B
US Steel,2022,$20.4B,$17.8B,$4.2B
Samsung Fire & Marine,2022,$18.3B,$78.9B,$980M
WestRock,2022,$19.3B,$29.1B,$868.4M
Chongqing Rural Bank,2022,$8.7B,$198.7B,$1.5B
Siemens Energy,2022,$32.5B,$51.2B,-$541.3M
Whirlpool,2022,$22B,$20.3B,$1.8B
United Rentals,2022,$9.7B,$20.8B,$1.4B
Mapfre,2022,$23.5B,$65.7B,$904.5M
CIFI Holdings Group,2022,$16.8B,$67.9B,$1.2B
T&D Holdings,2022,$20.3B,$158.5B,$687.7M
Constellation Energy,2022,$19.6B,$48.1B,-$205M
Eiffage,2022,$22.7B,$38.4B,$918.4M
Lonza Group,2022,$5.9B,$18.3B,$3.2B
Telia,2022,$10.3B,$26.8B,$1.3B
Power Finance,2022,$10.1B,$106.7B,$1.9B
Tatneft,2022,$17.4B,$20B,$2.7B
Raiffeisen Bank International,2022,$9.1B,$218.5B,$1.5B
Woodside Petroleum,2022,$7B,$26.5B,$2B
Vertex Pharmaceuticals,2022,$7.6B,$13.4B,$2.3B
Westlake Chemical,2022,$11.8B,$18.5B,$2B
Bank Hapoalim,2022,$5.6B,$205.2B,$1.5B
China Bohai Bank,2022,$10.6B,$248.5B,$1.3B
Astellas Pharma,2022,$11.8B,$20.5B,$1.1B
Zoetis,2022,$7.8B,$13.9B,$2B
Sumitomo Chemical,2022,$24.4B,$36.7B,$1.4B
American Airlines Group,2022,$34.8B,$67.4B,-$2.4B
Otsuka Holding,2022,$13.6B,$24.5B,$1.1B
Amphenol,2022,$10.9B,$14.7B,$1.6B
Banco Btg Pactual,2022,$2.7B,$68.3B,$848.1M
Baker Hughes Company,2022,$20.6B,$35B,$306M
SK Telecom,2022,$14.6B,$26B,$2.1B
Fortis (Canada),2022,$7.5B,$46.7B,$1B
Samsung SDI,2022,$11.8B,$21.7B,$1B
HAL Trust,2022,$8.7B,$25.7B,$5B
Henderson Land,2022,$3.1B,$70.6B,$1.7B
China Reinsurance Group,2022,$25.4B,$75.2B,$985.4M
Kasikornbank,2022,$8.1B,$124.3B,$1.2B
Dongfeng Motor Group,2022,$17.5B,$50.2B,$1.8B
Haitong Securities,2022,$7.8B,$116.9B,$2B
Great Wall Motor ,2022,$20.5B,$27.5B,$1B
Abu Dhabi Commercial Bank,2022,$4.2B,$119.9B,$1.4B
KLA,2022,$8.2B,$11.7B,$3B
East Japan Railway,2022,$17.7B,$78.2B,-$3.3B
Siam Cement,2022,$16.6B,$25.8B,$1.5B
Everest Re Group,2022,$11.9B,$35.6B,$1.4B
MTR,2022,$6.1B,$37.5B,$1.2B
Sandvik,2022,$11.6B,$17.9B,$1.8B
Inner Mongolia Yili ,2022,$16.5B,$12.9B,$1.4B
Sekisui House,2022,$23.4B,$24.3B,$1.4B
Kellogg,2022,$14.2B,$18.2B,$1.5B
TCL ,2022,$25.3B,$48.6B,$930.5M
Huishang Bank,2022,$10.3B,$217.2B,$1.7B
Huatai Securities,2022,$6B,$126.6B,$2.1B
Public Bank,2022,$4.5B,$111.1B,$1.4B
Gallagher,2022,$8.1B,$33.3B,$906.8M
WPP,2022,$17.6B,$38.1B,$877M
PKN Orlen,2022,$34.1B,$26.2B,$2.6B
Formosa Plastics,2022,$9.8B,$19.7B,$2.6B
Norsk Hydro,2022,$16.9B,$19.8B,$1.4B
Cheniere Energy,2022,$17.6B,$43.1B,-$2.3B
Omnicom Group,2022,$14.3B,$26.1B,$1.3B
NEC,2022,$27.7B,$30.6B,$1.1B
MGM Resorts,2022,$9.7B,$44.1B,$1.2B
United Airlines Holdings,2022,$29B,$69B,-$2B
NRG Energy,2022,$26.9B,$23.2B,$2.2B
Telkom Indonesia,2022,$10B,$19.4B,$1.7B
Guotai Junan Securities,2022,$6.7B,$113.6B,$2B
Coinbase,2022,$7.8B,$21.3B,$3.1B
CenterPoint Energy,2022,$8.4B,$38.5B,$1.5B
Saudi Arabian Mining,2022,$7.1B,$27.5B,$1.4B
Industrial Bank of Korea,2022,$9.4B,$334.9B,$2.1B
Resona Holdings,2022,$7.5B,$662.2B,$1.4B
Simon Property Group,2022,$5.1B,$33.8B,$2.2B
SingTel,2022,$11.8B,$35B,$776.7M
Asahi Kasei,2022,$21.8B,$28.1B,$1.3B
China Cinda Asset Management,2022,$10.3B,$245.4B,$1.9B
Tata Motors,2022,$39B,$42.3B,-$2.4B
Aisin Seiki,2022,$35.4B,$34.9B,$1.5B
Digital Realty Trust,2022,$4.8B,$36.4B,$2.1B
Keyence,2022,$6.4B,$19.1B,$2.6B
Mitsubishi Heavy Industries,2022,$34.1B,$44.4B,$795.1M
National Bank of Kuwait ,2022,$3.8B,$110.9B,$1.2B
CLP Holdings,2022,$10.8B,$30.8B,$1.1B
Steel Dynamics,2022,$20.4B,$13.1B,$3.9B
Fox,2022,$13.6B,$22.9B,$1.4B
Korea Electric Power,2022,$52.9B,$177.6B,-$4.6B
Longi Green Energy Technology,2022,$11.8B,$16.1B,$1.5B
Ageas,2022,$14.4B,$125.5B,$999.1M
Gemdale,2022,$14.3B,$71.5B,$1.3B
Coal India,2022,$14B,$22.3B,$2.1B
Uber,2022,$17.5B,$38.8B,-$496M
George Weston,2022,$43.4B,$37.3B,$596.6M
Daqin Railway,2022,$11.8B,$30B,$1.9B
Quanta Computer,2022,$40.4B,$25.9B,$1.2B
Weyerhaeuser,2022,$10.2B,$17.7B,$2.6B
Publicis Groupe,2022,$13.9B,$37.4B,$1.2B
Hanwha,2022,$46.1B,$170.2B,$786.8M
Reckitt Benckiser Group,2022,$18.2B,$36.5B,-$44M
Biogen,2022,$10.4B,$23.9B,$1.6B
STMicroelectronics,2022,$12.8B,$15.5B,$2B
Bank Leumi,2022,$5.8B,$210.9B,$1.9B
Trane Technologies,2022,$14.1B,$18.1B,$1.4B
Mosaic,2022,$12.4B,$22B,$1.6B
Jackson Financial,2022,$8.8B,$375.5B,$3.4B
Huntington Bank,2022,$6.4B,$176.9B,$1.2B
S&P Global,2022,$8.3B,$15B,$3B
O'Reilly Automotive,2022,$13.3B,$12.4B,$2.2B
Bharti Airtel,2022,$15B,$48.7B,$406.6M
China Energy Engineering,2022,$49.8B,$83B,$1B
Veolia Environnement,2022,$33.7B,$60.4B,$477.9M
Arch Capital Group,2022,$8.9B,$37.5B,$2.1B
Safran,2022,$17.9B,$47.4B,$50.8M
Seazen Group,2022,$26.4B,$85.1B,$1.3B
Luxshare Precision Industry,2022,$23.9B,$18.3B,$1B
Global Payments,2022,$8.5B,$45.3B,$965.5M
Ecolab,2022,$12.7B,$21.2B,$1.1B
Ferguson,2022,$22.7B,$14.1B,$1.9B
PPG ,2022,$17.2B,$21.9B,$1.1B
Legend Holding,2022,$76B,$106.8B,$889.8M
IQVIA,2022,$13.9B,$24.7B,$966M
Thomson Reuters,2022,$6.3B,$22.1B,$5.7B
Transneft,2022,$14.1B,$46.1B,$2.4B
Sinopharm Group,2022,$80.8B,$52.6B,$1.2B
Hong Kong Exchanges,2022,$2.7B,$51.2B,$1.6B
CarMax,2022,$31.9B,$26.7B,$1.2B
Cardinal Health,2022,$171.3B,$43.7B,$555M
Ross Stores,2022,$18.9B,$14.6B,$1.7B
China Development Financial,2022,$12.8B,$125B,$1.3B
Republic Services,2022,$11.3B,$25B,$1.3B
PG&E,2022,$20.6B,$111.8B,-$88M
WEC Energy Group,2022,$8.3B,$39.9B,$1.3B
Riyad Bank,2022,$3.2B,$86.8B,$1.6B
RELX,2022,$10B,$18.8B,$2B
H&M - Hennes & Mauritz,2022,$23.8B,$19.6B,$1.4B
PICC,2022,$90.1B,$197M,$3.3B
Xiamen C&D,2022,$109.6B,$94.5B,$945.5M
Kyocera,2022,$16.2B,$31B,$1.3B
Neste,2022,$17.9B,$14.2B,$2.1B
Cenovus Energy,2022,$37B,$43.4B,$468.2M
Porsche Automobil Holding,2022,$151M,$47.8B,$5.4B
AutoZone,2022,$15.6B,$14.1B,$2.4B
China Taiping Insurance,2022,$40.9B,$174.9B,$966.7M
Edp-energias De Portugal,2022,$17.9B,$58B,$776M
Mitsubishi Chemical,2022,$34.6B,$47.4B,$1.5B
Fidelity National Information (FIS),2022,$13.9B,$82.9B,$417M
Atlas Copco,2022,$12.9B,$15.1B,$2.1B
Western Digital,2022,$18.9B,$26B,$2B
Lufax Holding,2022,$9.7B,$56.6B,$2.6B
First Republic Bank,2022,$5.5B,$187.1B,$1.5B
NXP Semiconductors,2022,$11.1B,$21.2B,$1.9B
China Hongqiao Group,2022,$17.8B,$29.6B,$2.5B
Booking Holdings,2022,$11B,$23.6B,$1.2B
JFE Holdings,2022,$36.5B,$45.3B,$2.5B
Cleveland-Cliffs,2022,$22.4B,$19.8B,$3.7B
Aeon,2022,$78.2B,$101B,$58.3M
ASE Technology Holding,2022,$21.3B,$24.3B,$2.3B
DTE Energy,2022,$15.5B,$39.7B,$905M
Mitsubishi Estate,2022,$12.1B,$55.3B,$1.2B
CGN Power,2022,$12.5B,$63.6B,$1.6B
Grupo ACS,2022,$32.9B,$41.1B,$3.6B
Cincinnati Financial,2022,$9.6B,$31B,$2.9B
International Holding Company,2022,$7.7B,$24.2B,$2B
Renault,2022,$54.6B,$129.3B,$1B
Crown Castle International,2022,$6.6B,$39.1B,$1.5B
FirstEnergy,2022,$11.4B,$44.6B,$1.2B
Hindalco Industries,2022,$24.3B,$27.4B,$1.6B
Rongsheng Petrochemical,2022,$27.2B,$52.2B,$656.7M
Formosa Petrochemical,2022,$22.2B,$16.6B,$1.8B
Bank Of Hangzhou,2022,$8.7B,$218.4B,$1.4B
Idemitsu Kosan,2022,$54.5B,$39B,$2.2B
Inpex,2022,$11.3B,$44.8B,$2B
Shimao Property Holdings,2022,$21.8B,$97B,$2.1B
Southwest Airlines,2022,$15.8B,$38.2B,$978M
Deutsche Boerse,2022,$5.3B,$253.7B,$1.4B
Coca-Cola European Partners,2022,$16.2B,$33.1B,$1.2B
LabCorp,2022,$16.1B,$20.4B,$2.4B
Wuliangye Yibin,2022,$8.5B,$18.3B,$3.5B
Teck Resources,2022,$10.8B,$37.5B,$2.3B
China Tower Corp.,2022,$13.4B,$50.2B,$1.1B
Kotak Mahindra Bank,2022,$7.9B,$41.6B,$1.5B
Nidec,2022,$17.1B,$22.2B,$1.2B
Meituan ,2022,$27.8B,$37.8B,-$3.6B
Sany Heavy Industry,2022,$17.6B,$21.1B,$2.4B
International Paper,2022,$21.8B,$25.2B,$1.8B
Koç Holding,2022,$38.8B,$76.9B,$1.7B
Hermès International,2022,$10.6B,$15.7B,$2.9B
HeidelbergCement,2022,$22.1B,$39.3B,$2.1B
Northern Trust,2022,$6.6B,$183.9B,$1.5B
China Steel,2022,$16.8B,$24.9B,$2.2B
Eversource Energy,2022,$9.9B,$48.5B,$1.2B
Bharat Petroleum,2022,$43.2B,$25.2B,$2.6B
Halliburton,2022,$16.1B,$22.1B,$1.6B
Delta Air Lines,2022,$35.1B,$73.7B,$516M
Metallurgical Corp of China,2022,$77.3B,$85.3B,$1.3B
S.F. Holding,2022,$32.1B,$32.9B,$661.9M
Warner Bros. Discovery,2022,$12.2B,$34.4B,$1B
EnBW-Energie Baden,2022,$38B,$98.4B,$429.3M
Sumitomo Mitsui Trust,2022,$10.7B,$553.8B,$1.4B
Swisscom,2022,$12.2B,$27.2B,$2B
Marriott International,2022,$13.9B,$25.6B,$1.1B
Nippon Yusen,2022,$19.5B,$23.6B,$7.1B
Hikvision,2022,$13B,$16.5B,$2.6B
Entergy,2022,$11.7B,$59.5B,$1.1B
Financiere de l'Odet,2022,$23.4B,$69B,$3.9B
Stanley Black & Decker,2022,$16.8B,$28.2B,$1.7B
Edison International,2022,$14.9B,$74.7B,$781M
Oneok,2022,$17.3B,$23.6B,$1.5B
Rogers Communications,2022,$11.8B,$44.1B,$1.3B
Telstra,2022,$15.8B,$31.2B,$1.1B
Woori Financial Group,2022,$11.5B,$376.2B,$2.2B
Parker-Hannifin,2022,$15.3B,$22.4B,$1.8B
Fidelity National Financial,2022,$15.6B,$58.1B,$2.4B
Credit Suisse Group,2022,$30.1B,$829.5B,-$1.8B
Weichai Power,2022,$31.4B,$43.5B,$1.4B
M&T Bank,2022,$5.9B,$149.9B,$1.8B
Fosun International,2022,$25B,$126.5B,$1.6B
Baxter International,2022,$12.8B,$33.5B,$1.3B
Boston Scientific,2022,$11.9B,$32.2B,$1B
Sysco,2022,$60.7B,$21.4B,$785.5M
SSE,2022,$10.3B,$31.6B,$3.5B
Liberty Global,2022,$10.5B,$46.9B,$13.4B
Vedanta Limited,2022,$16.4B,$25.3B,$2.6B
Colgate-Palmolive,2022,$17.4B,$15B,$2.2B
Vivendi,2022,$11.3B,$37.9B,$29.2B
Illinois Tool Works,2022,$14.5B,$16.1B,$2.7B
Svenska Handelsbanken,2022,$6.3B,$369.7B,$2.3B
BYD,2022,$32.8B,$46.6B,$469.6M
Lumen Technologies,2022,$19.7B,$58B,$2B
Asahi Group Holdings,2022,$20.4B,$39.5B,$1.4B
JSW Steel,2022,$17.1B,$23B,$2.9B
Pinduoduo,2022,$14.6B,$28.4B,$1.2B
Activision Blizzard,2022,$8.8B,$25.1B,$2.7B
Nan Ya Plastics,2022,$14.7B,$24.2B,$2.9B
Devon Energy,2022,$13.7B,$21B,$2.8B
Citizens Financial Group,2022,$6.9B,$192.1B,$2.1B
Regions Financial,2022,$6.6B,$162.9B,$2.5B
Infineon Technologies,2022,$13.7B,$27.3B,$1.6B
Raymond James Financial,2022,$10.4B,$68.5B,$1.5B
Kimberly-Clark,2022,$19.8B,$18.7B,$1.8B
Advanced Micro Devices,2022,$16.4B,$12.4B,$3.2B
Best Buy,2022,$51.8B,$17.5B,$2.5B
Swedbank,2022,$6.7B,$303.8B,$2.4B
Muyuan Foodstuff,2022,$11.3B,$26.2B,$2.3B
Suzuki Motor,2022,$32.6B,$34.7B,$1.5B
Markel,2022,$12.8B,$39.4B,$2.5B
China Zheshang Bank,2022,$16B,$358.9B,$2B
KeyCorp,2022,$7.4B,$181.2B,$2.5B
Dollar Tree,2022,$26.3B,$21.7B,$1.3B
TELUS,2022,$13.4B,$38B,$1.3B
Cognizant,2022,$18.5B,$17.9B,$2.1B
Aon,2022,$12.2B,$31.9B,$1.3B
TE Connectivity,2022,$15.2B,$21.4B,$2.4B
Willis Towers Watson,2022,$9.6B,$35B,$4.2B
SVB Financial Group,2022,$6.1B,$220.4B,$1.8B
Air Products & Chemicals,2022,$10.9B,$27.1B,$2.1B
Kubota,2022,$20B,$32.8B,$1.6B
Analog Devices,2022,$8.4B,$51.2B,$1.3B
LG Electronics,2022,$66.1B,$45B,$900.9M
Corning,2022,$14.1B,$30.2B,$1.9B
Loews,2022,$14.7B,$76.2B,$1.6B
Tokyo Electron,2022,$17.1B,$15B,$3.6B
Wesfarmers,2022,$25.4B,$18.3B,$1.7B
Canadian Pacific Railway,2022,$6.4B,$54.1B,$2.3B
Magna International,2022,$36.2B,$29.1B,$1.5B
CSL,2022,$10.6B,$23.4B,$2.4B
Prudential,2022,$26.5B,$189.3B,-$2B
Infosys,2022,$16.3B,$15.6B,$3B
Newmont Mining,2022,$12.2B,$39.9B,$1.1B
Yankuang Energy Group,2022,$16.9B,$47.4B,$2.6B
Toshiba,2022,$30.1B,$30.8B,$1.7B
CBRE Group,2022,$27.7B,$22.1B,$1.8B
Samsung C&T,2022,$30.1B,$46.5B,$1.4B
Albertsons,2022,$71.9B,$28.1B,$1.6B
CRRC,2022,$34.8B,$67B,$1.6B
Kuehne & Nagel International,2022,$35.9B,$16.1B,$2.2B
VMware,2022,$12.9B,$28.7B,$1.8B
Samsung Life Insurance,2022,$25.4B,$287.1B,$1.3B
Bunge,2022,$59.2B,$23.8B,$2.1B
Thales,2022,$19.1B,$37.3B,$1.3B
Bouygues,2022,$44.4B,$50.8B,$1.3B
Prologis,2022,$4.8B,$59.8B,$3.7B
Orange,2022,$50.3B,$126.6B,$275.4M
CK Asset Holdings,2022,$8.3B,$71.4B,$2.7B
Intact Financial,2022,$14.6B,$48.1B,$1.6B
Orsted,2022,$11B,$41.3B,$1.6B
Cummins,2022,$24B,$23.7B,$2.1B
Capgemini,2022,$21.5B,$27.3B,$1.4B
Williams,2022,$10.6B,$49.8B,$1.5B
Banorte,2022,$10.6B,$90.9B,$1.7B
Volvo Car,2022,$32.9B,$31.3B,$1.5B
NetEase,2022,$13.6B,$24.1B,$2.6B
Larsen & Toubro,2022,$20.5B,$40.8B,$1.1B
Ally Financial,2022,$10.8B,$184.3B,$2.9B
Bank Central Asia,2022,$6.1B,$87.7B,$2.3B
VTB Bank,2022,$21.3B,$278.1B,$4.2B
Lincoln National,2022,$19.2B,$371.3B,$1.4B
DISH Network,2022,$17.9B,$48.5B,$2.4B
Murata Manufacturing,2022,$16.3B,$23.1B,$2.8B
China Coal Energy,2022,$35.9B,$50.4B,$2.3B
Continental,2022,$39.9B,$42.5B,$1.7B
Erste Group Bank,2022,$11.4B,$350.5B,$2.1B
Intuit,2022,$11.4B,$26.3B,$2.2B
Fujifilm Holdings,2022,$22.6B,$32.4B,$1.9B
Lam Research,2022,$16.7B,$16.6B,$4.5B
Shaanxi Coal Industry,2022,$22.3B,$26.6B,$2.7B
Lenovo Group,2022,$70.6B,$45.6B,$1.9B
Aviva,2022,$45.1B,$465.2B,$572.1M
Sherwin-Williams,2022,$19.9B,$20.7B,$1.9B
Fast Retailing,2022,$19.3B,$22.9B,$1.9B
London Stock Exchange,2022,$9.3B,$1.1T,$838.9M
Vonovia,2022,$6.6B,$120.9B,$3.1B
Carrier Global,2022,$20.6B,$26.2B,$1.7B
Komatsu,2022,$24.5B,$35B,$1.8B
Evergreen Marine Corp. (Taiwan),2022,$17.5B,$22.1B,$8.6B
Pernod Ricard,2022,$11.6B,$38.7B,$2B
Mitsui Fudosan,2022,$18.3B,$71.1B,$1.4B
Paccar,2022,$23.5B,$29.3B,$1.9B
TAQA,2022,$12.4B,$49.1B,$1.6B
Bank Mandiri,2022,$9.5B,$121.1B,$2B
Femsa,2022,$27.4B,$36B,$1.4B
CME Group,2022,$4.7B,$197B,$2.6B
Consolidated Edison,2022,$13.7B,$63.1B,$1.3B
Maybank,2022,$9.2B,$213.2B,$2B
Vodafone,2022,$53.6B,$178.6B,-$291M
Talanx,2022,$51.7B,$218.3B,$1.2B
Hana Financial Group,2022,$13.7B,$422.7B,$3B
NTPC,2022,$17B,$55B,$2.2B
Barrick Gold,2022,$11.9B,$46.9B,$2B
Surgutneftegas,2022,$19.3B,$83.5B,$6.1B
New China Life Insurance,2022,$34.4B,$176.4B,$2.3B
Nintendo,2022,$15.2B,$21.8B,$4.3B
Hyundai Mobis,2022,$36.4B,$43.3B,$2.1B
FirstRand,2022,$10.2B,$124.8B,$2.2B
Carrefour,2022,$87.8B,$54.2B,$1.3B
Fifth Third Bank,2022,$8.3B,$211.1B,$2.6B
DSV Panalpina,2022,$29B,$24.7B,$1.8B
JD.com,2022,$147.6B,$77.9B,-$560.4M
Fujitsu,2022,$32.8B,$27.1B,$1.9B
Emirates NBD,2022,$8.6B,$189B,$2.5B
Daiwa House Industry,2022,$38.9B,$47.9B,$1.9B
SEB AB,2022,$7.6B,$365B,$3B
Kinder Morgan,2022,$16.6B,$69.1B,$1B
China National Building,2022,$42.6B,$72.6B,$2.5B
Toyota Industries,2022,$23.3B,$64.3B,$1.7B
Bridgestone,2022,$29.5B,$39.7B,$1.5B
Sunac China Holdings,2022,$38.5B,$186.6B,$5.5B
AstraZeneca,2022,$38.7B,$105.4B,$94.7M
China Evergrande Group,2022,$70.4B,$368B,$2.5B
Toyota Tsusho,2022,$69.5B,$50.1B,$2.1B
Xcel Energy,2022,$13.4B,$60.7B,$1.6B
Recruit Holdings ,2022,$24.8B,$20.9B,$2.4B
Synchrony Financial,2022,$11.4B,$95.3B,$4.1B
MediaTek,2022,$17.7B,$23.9B,$4B
Corteva,2022,$15.7B,$42.3B,$1.8B
Waste Management,2022,$17.9B,$29.6B,$1.8B
Hengli Petrochemical,2022,$30.2B,$33B,$2.4B
Naspers,2022,$7B,$70.8B,$14B
Norilsk Nickel,2022,$17.8B,$23.4B,$6.5B
Naturgy Energy Group,2022,$26.2B,$43.5B,$1.4B
Grupo Mexico,2022,$14.8B,$32.3B,$3.9B
Fortum,2022,$132.9B,$170.2B,$872.3M
Sempra,2022,$13.1B,$72B,$1.3B
L3Harris Technologies,2022,$17.8B,$34.7B,$1.8B
Henkel,2022,$23.7B,$37.8B,$1.9B
Principal Financial Group,2022,$14.3B,$304.7B,$1.7B
Norfolk Southern,2022,$11.1B,$38.9B,$3B
TC Energy,2022,$10.5B,$82.5B,$1.6B
Michelin Group,2022,$28.1B,$38.2B,$2.2B
CNH Industrial,2022,$33.4B,$49.4B,$1.7B
The Estée Lauder Companies,2022,$17.8B,$22.1B,$3.3B
Axis Bank,2022,$11.4B,$152.1B,$1.7B
Standard Bank Group,2022,$15.9B,$170.8B,$1.7B
Boeing,2022,$62.3B,$138.6B,-$4.2B
Imperial Brands,2022,$22.7B,$39.2B,$3.9B
DNB Bank,2022,$7.8B,$331B,$2.8B
China Yangtze Power,2022,$8.5B,$51.5B,$4.1B
Fairfax Financial,2022,$23.6B,$74.6B,$3.4B
Keurig Dr Pepper,2022,$12.7B,$50.6B,$2.1B
Adidas,2022,$25.1B,$25.2B,$2.5B
National Bank of Canada,2022,$9B,$288.5B,$2.7B
Philips,2022,$20.3B,$35.4B,$3.9B
Ericsson,2022,$27B,$34.8B,$2.5B
Canon,2022,$32B,$41.3B,$2B
General Mills,2022,$18.6B,$31.1B,$2.3B
D.R. Horton,2022,$28.9B,$25B,$4.5B
Emerson Electric,2022,$18.5B,$27B,$2.8B
Aegon,2022,$26.3B,$509.3B,$2B
RWE Group,2022,$29B,$203.6B,$852.2M
Daikin Industries,2022,$26.9B,$30.5B,$1.9B
Etisalat,2022,$14.5B,$34.9B,$2.5B
Lennar,2022,$28.4B,$32.6B,$3.9B
Novatek,2022,$15.4B,$32.8B,$5.9B
BT Group,2022,$28.8B,$69.6B,$1.4B
Nissan Motor,2022,$79.2B,$136.9B,$1.1B
Tata Steel,2022,$31.1B,$34.6B,$5B
Baidu,2022,$19.3B,$59.6B,$1.6B
Nokia,2022,$26.2B,$45.5B,$1.9B
Mitsubishi Electric,2022,$40.3B,$41.1B,$2.1B
Jardine Matheson,2022,$35.9B,$91.5B,$1.9B
Canadian National Railway,2022,$11.5B,$38.8B,$3.9B
CTBC Financial,2022,$14.9B,$256B,$1.9B
Saudi Telecom,2022,$16.9B,$31.8B,$3B
JBS,2022,$65B,$37.2B,$3.8B
SK,2022,$85.9B,$139.1B,$1.7B
Eaton,2022,$19.6B,$34B,$2.1B
Bank of Nanjing,2022,$12.2B,$296.8B,$2.6B
Haier Smart Home,2022,$35.2B,$34.1B,$2B
Greenland Holdings Group,2022,$84.5B,$215.8B,$2.2B
China Merchants Shekou Industrial Zone Holdings,2022,$23.4B,$134.3B,$1.6B
Wanhua Chemical Group,2022,$22.4B,$29.9B,$3.8B
American Tower,2022,$9.4B,$69.9B,$2.6B
Heineken,2022,$25.9B,$56.7B,$2B
Bank Of Shanghai,2022,$15.9B,$410.4B,$3.5B
OMV Group,2022,$42B,$64.6B,$2.5B
Sampo,2022,$15.9B,$66.9B,$3B
Pioneer Natural Resources,2022,$17.9B,$38.8B,$2.1B
Sompo,2022,$35.7B,$119.9B,$2.2B
Johnson Controls International,2022,$24.2B,$42.2B,$1.6B
ENEOS Holdings,2022,$90.3B,$80B,$3.4B
Regeneron Pharmaceuticals,2022,$16.1B,$25.4B,$8.1B
Stryker,2022,$17.1B,$34.6B,$2B
Swiss Life Holding,2022,$23.5B,$264.1B,$1.4B
Shin-Etsu Chemical,2022,$17.2B,$32.6B,$3.9B
Power Construction Corporation of China,2022,$70.3B,$156.4B,$1.3B
Hartford Financial Services,2022,$22.4B,$70.8B,$2.4B
Adobe,2022,$16.1B,$26B,$4.8B
Anhui Conch Cement,2022,$26B,$36.2B,$5.2B
Woolworths,2022,$38.8B,$23.9B,$6B
Moderna,2022,$18.4B,$24.9B,$12.2B
China Railway Construction,2022,$157.7B,$212.3B,$3.8B
Danske Bank,2022,$24.8B,$601.8B,$2B
Fortescue Metals Group,2022,$20.9B,$25.2B,$8.9B
Fiserv,2022,$16.2B,$76.2B,$1.3B
CSX,2022,$13.1B,$40.5B,$3.9B
BAE Systems,2022,$26.8B,$36.8B,$2.4B
Valero Energy,2022,$114B,$58.5B,$924M
China Unicom,2022,$50.8B,$92.7B,$2.2B
Hewlett Packard Enterprise,2022,$27.9B,$57.9B,$3.7B
Japan Tobacco,2022,$21.2B,$50.1B,$3.1B
Tata Consultancy Services,2022,$25.7B,$18.7B,$5.1B
Freddie Mac,2022,$62.2B,$3T,$12.1B
Wilmar International,2022,$65.8B,$58.7B,$1.9B
State Street,2022,$11.5B,$322.4B,$2.8B
Dollar General,2022,$34.2B,$29.1B,$2.4B
Poste Italiane,2022,$37.5B,$323.8B,$1.9B
Indian Oil,2022,$72.2B,$51.7B,$3.7B
Al Rajhi Bank,2022,$6.7B,$166.1B,$3.9B
DuPont de Nemours,2022,$16.7B,$45.7B,$6.5B
Paramount,2022,$28.6B,$58.6B,$4.5B
Bank Of Jiangsu,2022,$17.9B,$399.7B,$2.9B
Standard Chartered,2022,$18.9B,$827.8B,$2B
Bank Rakyat Indonesia (BRI),2022,$12.8B,$117.7B,$2.2B
United Overseas Bank,2022,$8.9B,$340.7B,$3B
Texas Instruments,2022,$18.3B,$24.7B,$7.7B
CRH,2022,$31B,$44.7B,$2.6B
First Abu Dhabi Bank,2022,$8.3B,$272.3B,$3.3B
Gree Electric Appliances,2022,$27.9B,$44.3B,$3.7B
Kraft Heinz Company,2022,$26B,$93.4B,$1B
Citic Securities,2022,$11.7B,$200.6B,$3.6B
Schlumberger,2022,$23.7B,$42B,$2.1B
BCE,2022,$18.7B,$52.9B,$2.3B
Orix,2022,$22.7B,$122.4B,$2.4B
Ameriprise Financial,2022,$13.9B,$176B,$2.8B
Panasonic,2022,$66B,$64.1B,$2.1B
Fresenius,2022,$44.3B,$81.8B,$2.1B
Fannie Mae,2022,$100.3B,$4.2T,$22.2B
Sun Hung Kai Properties,2022,$10.3B,$103.7B,$3.6B
Couche Tard,2022,$58.7B,$28.8B,$2.8B
Bank of Beijing,2022,$19.4B,$473.1B,$3.5B
NN Group,2022,$22.4B,$285B,$3.8B
LG Chem,2022,$37.3B,$43B,$3.2B
Danone,2022,$28.7B,$51.7B,$2.2B
Saudi Electricity,2022,$18.5B,$127.4B,$2.3B
Kering,2022,$20.9B,$35.3B,$3.8B
The Saudi National Bank,2022,$8.6B,$243.5B,$3.4B
Richemont,2022,$19.8B,$42.6B,$2.8B
MS&AD Insurance,2022,$41.9B,$216.8B,$1.8B
Daimler Truck Holding,2022,$47B,$62.3B,$2.8B
Zijin Mining Group,2022,$37.2B,$36.8B,$3B
Altria Group,2022,$21.1B,$39.5B,$2.5B
Marsh & McLennan,2022,$20.3B,$33.7B,$3.2B
Holcim,2022,$29.4B,$65.7B,$2.5B
Nippon Steel ,2022,$57.5B,$74.6B,$5.5B
Repsol ,2022,$58.8B,$64B,$3B
Huaxia Bank,2022,$26.4B,$549.2B,$3.6B
Discover Financial Services,2022,$12.8B,$110.6B,$5.4B
Tyson Foods,2022,$49.5B,$36.8B,$3.7B
Automatic Data Processing,2022,$15.7B,$59.1B,$2.7B
CNP Assurances,2022,$51.8B,$525.3B,$1.8B
Swiss Re ,2022,$46B,$175.1B,$1.4B
Marubeni,2022,$72.3B,$64B,$3.5B
Applied Materials,2022,$24.2B,$25.4B,$6.6B
Macquarie Group,2022,$11.2B,$251.8B,$3B
American Electric,2022,$16.6B,$90.9B,$2.5B
Tesco,2022,$84.2B,$66.2B,$2.1B
Sumitomo,2022,$48.2B,$77.8B,$2.7B
TJX Cos,2022,$48.6B,$28.5B,$3.3B
Becton Dickinson,2022,$19.9B,$53.4B,$1.8B
Blackstone,2022,$15.5B,$43.3B,$5.3B
Nucor,2022,$40B,$28.6B,$8B
Inditex,2022,$32.6B,$32.4B,$3.8B
Phillips 66,2022,$111.7B,$55.6B,$1.3B
EssilorLuxottica,2022,$23.4B,$67.6B,$1.7B
AmerisourceBergen,2022,$221.1B,$57.6B,$1.6B
EOG Resources,2022,$19.8B,$38.2B,$4.7B
Contemporary Amperex Technology,2022,$20.1B,$48.3B,$2.5B
LyondellBasell Industries,2022,$46.2B,$36.7B,$5.6B
Bank of Ningbo,2022,$13.7B,$316.3B,$3B
BOE Technology Group,2022,$33.8B,$70.6B,$4B
Kweichow Moutai,2022,$14.6B,$40B,$8.1B
Kroger,2022,$137.9B,$51.8B,$1.6B
IntercontinentalExchange,2022,$10.1B,$193.5B,$4.1B
Dominion Energy,2022,$14B,$99.6B,$3.3B
UniCredit,2022,$27.8B,$1T,$1.8B
Diageo,2022,$19B,$44.9B,$4.2B
Novo Nordisk,2022,$22.4B,$29.7B,$7.6B
Xiaomi  ,2022,$50.9B,$46B,$3B
Ecopetrol,2022,$23.4B,$60B,$4.5B
KIA,2022,$61B,$56.2B,$4.2B
KBC Group,2022,$14.8B,$387B,$3B
Nutrien,2022,$27.6B,$50B,$3.1B
Baoshan Iron & Steel,2022,$55.5B,$62.2B,$4.1B
Saint-Gobain,2022,$52.2B,$58.7B,$3B
Shinhan Financial Group,2022,$29.3B,$545.2B,$3.6B
Posco,2022,$66.7B,$76.9B,$5.8B
National Grid,2022,$20.8B,$119.9B,$2.1B
CaixaBank,2022,$14.6B,$773.3B,$6.2B
ASML Holding,2022,$20.7B,$33.6B,$6.1B
Occidental Petroleum,2022,$26B,$78.5B,$2.3B
"Merck KGaA, Darmstadt, Germany and its affiliates",2022,$23.3B,$52.1B,$3.6B
ABB,2022,$28.9B,$42.3B,$4.7B
Starbucks,2022,$30.4B,$28.8B,$4.4B
Royal Ahold Delhaize N.V.,2022,$89.4B,$52B,$2.7B
Freeport-McMoRan,2022,$24.3B,$48.8B,$5.1B
Centene,2022,$126B,$79.8B,$1.3B
HDFC,2022,$18.5B,$118.6B,$2.9B
Mastercard,2022,$18.9B,$37.7B,$8.7B
Denso,2022,$49.5B,$61.5B,$2.5B
Salesforce.com,2022,$26.5B,$99.2B,$1.4B
Air Liquide,2022,$27.6B,$53.2B,$3B
Suncor Energy,2022,$31.2B,$66.3B,$3.3B
HP,2022,$65B,$38.9B,$6.5B
Nordea Bank,2022,$13.6B,$648.8B,$4.5B
Volvo Group,2022,$43.4B,$57.8B,$3.8B
China Railway Group,2022,$166.5B,$213.6B,$4B
Banco do Brasil,2022,$29.5B,$362.5B,$3.4B
Investor AB,2022,$12.8B,$77.9B,$8B
Country Garden Holdings,2022,$81.1B,$305.7B,$4.2B
Qatar National Bank,2022,$14.2B,$304.4B,$3.4B
Power Corp of Canada,2022,$57.9B,$507.1B,$2.4B
General Dynamics,2022,$38.5B,$50.1B,$3.3B
Bank of New York Mellon,2022,$16.1B,$473.8B,$3.6B
Bayer ,2022,$52.1B,$144.2B,$1.2B
KB Financial Group,2022,$33.9B,$560.4B,$3.8B
Humana,2022,$84.1B,$44.7B,$2.9B
KKR,2022,$19B,$264.3B,$4.7B
NextEra Energy,2022,$23.7B,$144.9B,$1.5B
Seven & I Holdings,2022,$78.5B,$75.9B,$1.9B
China Communications Construction,2022,$108.4B,$222.7B,$3B
McKesson,2022,$257B,$63.7B,$1.4B
DBS,2022,$12.4B,$509.1B,$5B
Netflix,2022,$30.4B,$45.3B,$5B
China Minsheng Bank,2022,$50.1B,$1.1T,$4.8B
Marathon Petroleum,2022,$119.8B,$85.4B,$1.7B
Progressive,2022,$48.1B,$68.9B,$2.2B
Northrop Grumman,2022,$35.7B,$42.6B,$7B
Sun Life Financial,2022,$29.8B,$270.5B,$3.2B
Legal & General Group,2022,$62.5B,$779.4B,$2.8B
Canadian Natural Resources,2022,$24B,$60.7B,$6.1B
Archer Daniels Midland,2022,$85.3B,$56.1B,$2.7B
CK Hutchison,2022,$36.1B,$155.7B,$4.3B
NatWest Group,2022,$17.9B,$1.1T,$4.4B
Exelon,2022,$39.3B,$133B,$1.7B
Deutsche Bank,2022,$36.7B,$1.5T,$2.7B
Cosco Shipping,2022,$51.8B,$64.9B,$13.9B
Oil & Natural Gas,2022,$66.3B,$75.5B,$6B
Southern Company,2022,$23.2B,$127.5B,$2.4B
Schneider Electric,2022,$34.2B,$62B,$3.8B
PTT ,2022,$70.6B,$92.1B,$3.4B
General Electric,2022,$74.1B,$198.9B,$1.2B
Mondelez International,2022,$28.7B,$67.1B,$4.3B
McDonald's,2022,$23.2B,$53.9B,$7.5B
Travelers,2022,$35.3B,$108.6B,$3.9B
Longfor Group Holdings,2022,$34.8B,$137.4B,$3.7B
China Resources Land,2022,$33.6B,$149B,$5B
Eli Lilly,2022,$28.3B,$48.8B,$5.6B
Oversea-Chinese Banking,2022,$22.9B,$402.2B,$3.6B
Philip Morris International,2022,$31.5B,$41.7B,$9B
Takeda Pharmaceutical,2022,$31.5B,$110.3B,$4B
Société Générale,2022,$35.6B,$1.7T,$6B
Nike,2022,$46.9B,$38.6B,$6.1B
Midea Group,2022,$50.6B,$58.2B,$4.4B
NVIDIA,2022,$26.9B,$44.2B,$9.8B
China Pacific Insurance,2022,$68.1B,$300.5B,$4.2B
Union Pacific,2022,$22.7B,$64.1B,$6.8B
Dai-ichi Life Insurance,2022,$66.7B,$571.4B,$4.5B
China Everbright Bank,2022,$42.4B,$926.1B,$6.7B
Gilead Sciences,2022,$27.4B,$68B,$6.2B
3M,2022,$35.4B,$47.1B,$5.9B
Allstate,2022,$50.6B,$90.7B,$5.7B
L'Oréal,2022,$38.2B,$48.9B,$5.4B
Cathay Financial,2022,$34.5B,$418.7B,$5B
NAB - National Australia Bank,2022,$15.8B,$669B,$4.8B
ICICI Bank,2022,$21.9B,$226.4B,$3B
Amgen,2022,$26B,$61.2B,$5.9B
Telefónica,2022,$46.4B,$124.2B,$9.4B
China Vanke,2022,$71.4B,$304.2B,$3.5B
Dow,2022,$58.4B,$63.3B,$6.9B
Fubon Financial,2022,$33.2B,$378.8B,$5.2B
China Telecom,2022,$68.2B,$121.1B,$4B
PayPal,2022,$25.6B,$75.8B,$4.2B
Poly Developments & Holdings Group,2022,$42.9B,$219.7B,$4.2B
Micron Technology,2022,$31.2B,$63.7B,$9B
Aflac,2022,$22.1B,$164.6B,$4.3B
Qualcomm,2022,$36B,$42.8B,$10B
ArcelorMittal,2022,$76.7B,$90.5B,$15B
ANZ,2022,$18.4B,$707.1B,$4.6B
SAIC Motor,2022,$121.4B,$134B,$3.7B
ING Group,2022,$21.5B,$1.1T,$5.6B
Accenture,2022,$56.7B,$44.3B,$6.4B
Anglo American,2022,$41.5B,$66B,$8.5B
HCA Healthcare,2022,$59.7B,$52.2B,$6.8B
E.ON,2022,$91.4B,$151.2B,$5.5B
Mizuho Financial,2022,$26.8B,$2T,$5.4B
Linde,2022,$30.8B,$81.6B,$3.8B
Tokio Marine Holdings,2022,$50.6B,$234.9B,$3.9B
VINCI,2022,$59.1B,$113.7B,$3.1B
Duke Energy,2022,$25.1B,$174.2B,$3.9B
Westpac Banking Group,2022,$20.5B,$677B,$4.1B
Honeywell International,2022,$34.4B,$64.5B,$5.5B
Banco Bradesco,2022,$28.3B,$296.9B,$4.1B
BlackRock,2022,$20.3B,$152.6B,$6.1B
ENGIE ,2022,$68.4B,$256.2B,$4.3B
Lockheed Martin,2022,$65.8B,$51.5B,$6.2B
América Móvil,2022,$48.4B,$82.5B,$4.1B
Canadian Imperial Bank,2022,$18.7B,$677.5B,$5.3B
LukOil,2022,$125.1B,$92.5B,$10.5B
Dell Technologies,2022,$106.8B,$92.7B,$5.6B
Medtronic,2022,$31.8B,$91.8B,$4.9B
Broadcom,2022,$28.5B,$73.2B,$7.8B
FedEx,2022,$91.5B,$84.1B,$5.1B
Lowe's,2022,$96.2B,$46.3B,$8.4B
Generali Group,2022,$102.1B,$664.5B,$3.4B
SK Hynix,2022,$37.5B,$81.1B,$8.4B
Walgreens,2022,$135.9B,$92.7B,$6.3B
SAP,2022,$33.2B,$80.9B,$5.6B
Danaher,2022,$30.3B,$83.4B,$6.5B
Japan Post Holdings,2022,$103.6B,$2.6T,$3.9B
HDFC Bank,2022,$22.5B,$280.2B,$5.1B
PNC Financial Services,2022,$19.9B,$541.2B,$5.2B
Deere & Company,2022,$44.5B,$79.6B,$5.6B
BBVA-Banco Bilbao Vizcaya,2022,$42B,$753.8B,$5B
Target,2022,$106B,$53.8B,$6.9B
Visa,2022,$25.5B,$81.9B,$12.8B
Hyundai Motor,2022,$102.7B,$196.8B,$4.3B
KDDI,2022,$49.2B,$94.1B,$6B
Deutsche Post,2022,$96.6B,$75.1B,$6B
Tesla,2022,$53.8B,$62.1B,$5.5B
Enbridge,2022,$37.6B,$133.7B,$4.9B
Møller-Maersk,2022,$62B,$72.3B,$18B
Charles Schwab,2022,$19B,$681B,$5.8B
Itochu,2022,$108B,$102.2B,$6.5B
China Citic Bank,2022,$57B,$1.3T,$8.6B
Caterpillar,2022,$51B,$82.8B,$6.5B
China Shenhua Energy,2022,$52B,$95.8B,$8B
Munich Re,2022,$84.9B,$359B,$3.5B
Barclays,2022,$30.2B,$1.9T,$8.8B
Iberdrola,2022,$46.2B,$161.2B,$4.6B
CNOOC,2022,$37.8B,$123.4B,$10.9B
Manulife,2022,$47.2B,$691.2B,$5.7B
Intesa Sanpaolo,2022,$47.8B,$1.2T,$4.9B
Truist Financial,2022,$23.2B,$544.3B,$6.4B
Hitachi,2022,$91.9B,$116.6B,$5.9B
Abbott Laboratories,2022,$44.5B,$75.2B,$7.7B
Sumitomo Mitsui Financial,2022,$35.5B,$2.2T,$6.4B
GlaxoSmithKline,2022,$46.9B,$107.1B,$6B
Itaú Unibanco Holding,2022,$36B,$372.3B,$5B
Hon Hai Precision ,2022,$214.6B,$141.3B,$5B
Unilever,2022,$62B,$85.4B,$7.2B
Mitsui,2022,$108.3B,$119.7B,$7B
US Bancorp,2022,$23.1B,$586.5B,$7.2B
Credit Agricole,2022,$73.6B,$2.4T,$6.5B
AIRBUS,2022,$61.6B,$129.2B,$5B
BASF,2022,$92.9B,$102.4B,$6.5B
Vale,2022,$54.4B,$89.6B,$22.5B
Bank of Montreal,2022,$26.5B,$804.5B,$6.9B
Coca-Cola,2022,$38.7B,$94.4B,$9.8B
Charter Communications,2022,$51.7B,$143.4B,$4.7B
Oracle,2022,$41.8B,$108.6B,$7.6B
EDF ,2022,$99.8B,$410.5B,$6B
Bristol Myers Squibb,2022,$46.4B,$109.3B,$7B
Costco Wholesale,2022,$210.2B,$63.1B,$5.5B
Eni,2022,$90.5B,$157B,$7.2B
Sberbank,2022,$57.4B,$548.8B,$17B
ConocoPhillips,2022,$46.1B,$90.7B,$8.1B
Thermo Fisher Scientific,2022,$39.2B,$95.1B,$7.7B
Shanghai Pudong Development,2022,$54.8B,$1.2T,$8.5B
Commonwealth Bank,2022,$21.9B,$836B,$8.4B
State Bank of India,2022,$54.4B,$696.5B,$4.3B
Honda Motor,2022,$130.2B,$193.2B,$7.2B
Capital One,2022,$32.1B,$432.4B,$12.3B
UBS,2022,$35.2B,$1.1T,$7.5B
Enel,2022,$99.4B,$235.3B,$3.8B
Sanofi ,2022,$44.6B,$136.7B,$7.4B
United Parcel Service,2022,$97.2B,$69.4B,$12.9B
IBM,2022,$67.3B,$133.3B,$5.5B
Raytheon Technologies,2022,$64.4B,$161.4B,$3.9B
CITIC,2022,$91.2B,$1.4T,$9B
Chubb,2022,$41B,$181.8B,$8.5B
Anheuser-Busch InBev,2022,$54.3B,$219.4B,$4.7B
Glencore International,2022,$203.4B,$127.5B,$5B
Cisco Systems,2022,$51.5B,$94.3B,$11.8B
American International Group,2022,$52.1B,$521.8B,$9.4B
AIA Group,2022,$45.2B,$334.9B,$7.4B
Roche Holding,2022,$68.7B,$101.3B,$15.2B
Mitsubishi,2022,$146.9B,$178.1B,$5.9B
China State Construction Engineering,2022,$205.8B,$374.7B,$5.9B
MetLife,2022,$71.1B,$759.7B,$6.6B
British American Tobacco,2022,$35.3B,$186.1B,$9.3B
Lloyds Banking Group,2022,$58.5B,$1.2T,$7.4B
AbbVie,2022,$56.2B,$146.5B,$11.5B
China Life Insurance,2022,$130.5B,$769.9B,$7.9B
Equinor,2022,$88.4B,$147.1B,$8.6B
Walt Disney,2022,$73B,$203.3B,$3.1B
BMW Group,2022,$131.5B,$277.3B,$14.6B
Bank of Communications,2022,$76B,$1.8T,$13B
Procter & Gamble,2022,$79.6B,$120.2B,$14.6B
Taiwan Semiconductor,2022,$61.5B,$139.4B,$23.6B
Novartis,2022,$51.6B,$135.9B,$24.1B
Petrobras,2022,$83.9B,$174.7B,$19.8B
Ford Motor,2022,$136.3B,$257B,$17.9B
Mitsubishi UFJ Financial,2022,$48.3B,$3.2T,$11.3B
TD Bank Group,2022,$38.5B,$1.4T,$11.8B
Santander,2022,$78.2B,$1.8T,$9.6B
Reliance Industries,2022,$86.9B,$192.6B,$7.8B
General Motors,2022,$127B,$244.7B,$10B
LVMH Moët Hennessy Louis Vuitton,2022,$75.9B,$142.5B,$14.2B
Intel,2022,$79B,$168.4B,$19.9B
Nippon Telegraph & Tel,2022,$110.4B,$204.5B,$10.2B
BP,2022,$158B,$287.3B,$7.6B
Sony,2022,$89.9B,$260.5B,$8B
RBC,2022,$45.2B,$1.4T,$13B
Deutsche Telekom,2022,$128.6B,$340.6B,$4.9B
Softbank,2022,$96.9B,$418.9B,$20.9B
Nestlé,2022,$95.3B,$152.7B,$18.5B
Pfizer,2022,$81.5B,$181.5B,$22B
Industrial Bank ,2022,$60.5B,$1.4T,$12.8B
Mercedes-Benz Group,2022,$178.9B,$295.5B,$27.2B
BNP Paribas,2022,$127.4B,$3T,$9.8B
Johnson & Johnson,2022,$94.9B,$182B,$19.8B
Sinopec,2022,$384.8B,$292.1B,$11B
Goldman Sachs Group,2022,$62.8B,$1.6T,$18.7B
AXA Group,2022,$145.2B,$839.8B,$8.4B
Morgan Stanley,2022,$60.2B,$1.2T,$14.6B
Comcast,2022,$116.4B,$275.9B,$14.2B
Allianz,2022,$138.6B,$1.3T,$7.8B
Gazprom,2022,$117.3B,$360.5B,$25.4B
China Mobile,2022,$131.5B,$283.4B,$18B
Postal Savings Bank Of China (PSBC),2022,$77.6B,$2T,$11.3B
Citigroup,2022,$79.9B,$2.4T,$18.2B
Total,2022,$185.1B,$293.5B,$16.1B
Chevron,2022,$156.3B,$239.5B,$15.6B
HSBC Holdings,2022,$59.3B,$3T,$12.6B
Walmart,2022,$572.8B,$244.9B,$13.7B
China Merchants Bank,2022,$71.1B,$1.5T,$18.6B
Volkswagen Group,2022,$295.7B,$638.3B,$17.5B
CVS Health,2022,$292B,$240.5B,$7.9B
PetroChina,2022,$380.3B,$392.6B,$14.3B
AT&T,2022,$163B,$551.6B,$17.3B
Verizon Communications,2022,$134.3B,$366.6B,$21.5B
Meta Platforms,2022,$117.9B,$166B,$39.4B
Ping An Insurance Group,2022,$181.4B,$1.6T,$15.7B
Shell,2022,$261.8B,$404.4B,$20.3B
ExxonMobil,2022,$280.5B,$338.9B,$23B
Microsoft,2022,$184.9B,$340.4B,$71.2B
Alphabet,2022,$257.5B,$359.3B,$76B
Alibaba Group,2022,$129.8B,$276.2B,$10.2B
Bank of China,2022,$152.4B,$4.2T,$33.6B
Toyota Motor,2022,$281.7B,$552.5B,$28.2B
Bank of America,2022,$96.8B,$3.2T,$31B
Apple,2022,$378.7B,$381.2B,$100.6B
Amazon,2022,$469.8B,$420.5B,$33.4B
China Construction Bank,2022,$202.1B,$4.7T,$46.9B
Wells Fargo,2022,$84.1B,$1.9T,$20.6B
ICBC,2022,$208.1B,$5.5T,$54B
Saudi Arabian Oil Company (Saudi Aramco),2022,$400.4B,$576B,$105.4B
PepsiCo,2022,$79.5B,$92.4B,$7.6B
Brookfield Asset Management,2022,$78.8B,$391B,$4B
UnitedHealth Group,2022,$297.6B,$221.2B,$17.5B
Merck & Co.,2022,$50.4B,$105.7B,$13B
Tencent Holdings,2022,$86.9B,$253B,$34.9B
JPMorgan Chase,2022,$124.5B,$4T,$42.1B
Samsung Group,2022,$244.2B,$358.9B,$34.3B
Agricultural Bank of China,2022,$181.4B,$4.6T,$37.4B
Prudential Financial,2022,$70.9B,$937.6B,$7.6B
