Company Rank,Organization Name,Country,Market Value
1.,Berkshire Hathaway,United States,$741.48 B
2.,ICBC,China,$214.43 B
3.,Saudi Arabian Oil Company (Saudi Aramco),Saudi Arabia,"$2,292.08 B"
4.,JPMorgan Chase,United States,$374.45 B
5.,China Construction Bank,China,$181.32 B
6.,Amazon,United States,"$1,468.4 B"
7.,Apple,United States,"$2,640.32 B"
8.,Agricultural Bank of China,China,$133.38 B
9.,Bank of America,United States,$303.1 B
10.,Toyota Motor,Japan,$237.73 B
11.,Alphabet,United States,"$1,581.72 B"
12.,Microsoft,United States,"$2,054.37 B"
13.,Bank of China,China,$117.83 B
14.,Samsung Group,South Korea,$367.26 B
15.,ExxonMobil,United States,$359.73 B
16.,Shell,United Kingdom,$211.1 B
17.,Ping An Insurance Group,China,$121.69 B
18.,Wells Fargo,United States,$176.77 B
19.,Verizon Communications,United States,$218.02 B
20.,AT&T,United States,$141.79 B
21.,PetroChina,China,$142.3 B
22.,UnitedHealth Group,United States,$490.15 B
23.,Walmart,United States,$431.64 B
24.,China Merchants Bank,China,$167.32 B
25.,Volkswagen Group,Germany,$82.4 B
26.,Chevron,United States,$316.23 B
27.,Citigroup,United States,$101.48 B
28.,Tencent Holdings,China,$414.28 B
29.,Total,France,$127.32 B
30.,Postal Savings Bank Of China (PSBC),China,$125.53 B
31.,China Mobile,Hong Kong,$147.05 B
32.,Comcast,United States,$205.72 B
33.,Alibaba Group,China,$237.78 B
34.,Meta Platforms,United States,$499.86 B
35.,Allianz,Germany,$96.42 B
36.,Morgan Stanley,United States,$150.95 B
37.,Goldman Sachs Group,United States,$109.32 B
38.,HSBC Holdings,United Kingdom,$135.3 B
39.,BNP Paribas,France,$68.76 B
39.,Johnson & Johnson,United States,$477.38 B
41.,Mercedes-Benz Group,Germany,$74.62 B
42.,CVS Health,United States,$133.53 B
43.,Pfizer,United States,$271.83 B
44.,Softbank,Japan,$71.69 B
45.,Sinopec,China,$80.81 B
46.,Nestlé,Switzerland,$360.01 B
46.,RBC,Canada,$147.92 B
48.,AXA Group,France,$65.75 B
49.,Gazprom,Russia,$63.56 B
50.,BP,United Kingdom,$98.38 B
51.,Intel,United States,$190.29 B
52.,Nippon Telegraph & Tel,Japan,$103.98 B
52.,TD Bank Group,Canada,$132.99 B
54.,Reliance Industries,India,$228.63 B
55.,Industrial Bank ,China,$68.59 B
56.,Sony,Japan,$108.84 B
57.,Santander,Spain,$58.21 B
57.,Taiwan Semiconductor,Taiwan,$494.6 B
59.,Mitsubishi UFJ Financial,Japan,$75.75 B
60.,Ford Motor,United States,$60.8 B
60.,LVMH Moët Hennessy Louis Vuitton,France,$346.8 B
62.,Bank of Communications,China,$52.82 B
63.,Procter & Gamble,United States,$386.53 B
64.,BMW Group,Germany,$55.98 B
65.,Petrobras,Brazil,$83.98 B
66.,Deutsche Telekom,Germany,$91.72 B
67.,AbbVie,United States,$273.76 B
68.,Novartis,Switzerland,$200.73 B
69.,General Motors,United States,$57.89 B
70.,Equinor,Norway,$117.87 B
71.,China Life Insurance,China,$43.02 B
72.,Roche Holding,Switzerland,$308.14 B
73.,AIA Group,Hong Kong,$120.19 B
74.,MetLife,United States,$57.39 B
75.,BHP Group,Australia,$178.07 B
76.,The Home Depot,United States,$310.13 B
77.,American Express,United States,$136.72 B
77.,Siemens,Germany,$102.23 B
79.,Stellantis,Netherlands,$44.26 B
80.,Zurich Insurance Group,Switzerland,$69.22 B
81.,Rosneft,Russia,$48.79 B
82.,Rio Tinto,United Kingdom,$117.78 B
83.,Brookfield Asset Management,Canada,$80.94 B
84.,Cigna,United States,$81.2 B
85.,Prudential Financial,United States,$43.6 B
86.,PepsiCo,United States,$238.13 B
87.,Merck & Co.,United States,$213.83 B
88.,Elevance Health,United States,$121.25 B
89.,Bank of Nova Scotia,Canada,$80.58 B
90.,American International Group,United States,$48.73 B
91.,Glencore International,Switzerland,$79.9 B
92.,Cisco Systems,United States,$213.36 B
93.,Anheuser-Busch InBev,Belgium,$118.52 B
94.,Walt Disney,United States,$215.33 B
95.,Chubb,Switzerland,$87.31 B
96.,CITIC,Hong Kong,$31.96 B
96.,Lloyds Banking Group,United Kingdom,$41.34 B
98.,IBM,United States,$124.33 B
99.,Sanofi ,France,$136.86 B
100.,United Parcel Service,United States,$163.03 B
101.,British American Tobacco,United Kingdom,$97.49 B
102.,UBS,Switzerland,$56.17 B
103.,Honda Motor,Japan,$44.99 B
104.,Mitsubishi,Japan,$50.87 B
105.,China State Construction Engineering,China,$36.91 B
105.,State Bank of India,India,$58.39 B
107.,Commonwealth Bank,Australia,$130.34 B
108.,Shanghai Pudong Development,China,$36.6 B
109.,Raytheon Technologies,United States,$149.76 B
110.,Enel,Italy,$65.84 B
111.,Eni,Italy,$52.28 B
112.,Capital One,United States,$54.88 B
113.,Bristol Myers Squibb,United States,$160.98 B
114.,Coca-Cola,United States,$282.86 B
115.,Oracle,United States,$203.34 B
116.,Sberbank,Russia,$33.98 B
117.,Bank of Montreal,Canada,$72.74 B
118.,Vale,Brazil,$82.03 B
119.,EDF ,France,$35.09 B
120.,Thermo Fisher Scientific,United States,$219.71 B
121.,Credit Agricole,France,$31.42 B
122.,AIRBUS,Netherlands,$88.6 B
123.,Costco Wholesale,United States,$253.39 B
124.,Hon Hai Precision ,Taiwan,$49.04 B
125.,Unilever,United Kingdom,$116.16 B
126.,Charter Communications,United States,$97.92 B
127.,Sumitomo Mitsui Financial,Japan,$42.33 B
128.,ConocoPhillips,United States,$124.43 B
129.,GlaxoSmithKline,United Kingdom,$112.09 B
130.,Intesa Sanpaolo,Italy,$41.42 B
131.,Manulife,Canada,$39.76 B
132.,US Bancorp,United States,$75.48 B
133.,BASF,Germany,$51.78 B
134.,CNOOC,Hong Kong,$62.6 B
135.,Abbott Laboratories,United States,$210.98 B
136.,Iberdrola,Spain,$70.26 B
137.,China Shenhua Energy,China,$62.81 B
138.,Itaú Unibanco Holding,Brazil,$52.89 B
139.,Caterpillar,United States,$115.91 B
140.,Mitsui,Japan,$40.83 B
141.,Itochu,Japan,$45.95 B
142.,Charles Schwab,United States,$127.6 B
143.,Truist Financial,United States,$67.64 B
144.,Enbridge,Canada,$90.92 B
145.,Hitachi,Japan,$45.78 B
146.,KDDI,Japan,$74.12 B
147.,Hyundai Motor,South Korea,$37.61 B
148.,Visa,United States,$436.49 B
149.,China Citic Bank,China,$25.26 B
150.,Target,United States,$111.76 B
151.,Tesla,United States,"$1,038.73 B"
152.,BBVA-Banco Bilbao Vizcaya,Spain,$35.28 B
153.,Deere & Company,United States,$123.81 B
154.,HDFC Bank,India,$98.28 B
155.,Barclays,United Kingdom,$31.55 B
156.,Munich Re,Germany,$35.48 B
157.,Japan Post Holdings,Japan,$26.56 B
158.,Walgreens,United States,$39.34 B
159.,Danaher,United States,$189.4 B
160.,Generali Group,Italy,$31.36 B
161.,Møller-Maersk,Denmark,$51.41 B
162.,Lowe's,United States,$130.37 B
163.,FedEx,United States,$53.19 B
164.,Deutsche Post,Germany,$55.04 B
165.,PNC Financial Services,United States,$71.9 B
166.,Broadcom,United States,$239.64 B
167.,LukOil,Russia,$32.17 B
167.,Medtronic,Ireland,$144.62 B
169.,SAP,Germany,$124.02 B
170.,SK Hynix,South Korea,$61.31 B
171.,ENGIE ,France,$31.5 B
172.,Lockheed Martin,United States,$118.82 B
173.,BlackRock,United States,$100.8 B
174.,Westpac Banking Group,Australia,$61.42 B
175.,Duke Energy,United States,$87.98 B
176.,Dell Technologies,United States,$35.64 B
177.,VINCI,France,$56.87 B
178.,Tokio Marine Holdings,Japan,$35.19 B
179.,América Móvil,Mexico,$67.84 B
180.,E.ON,Germany,$28.52 B
181.,Anglo American,United Kingdom,$59.44 B
182.,Banco Bradesco,Brazil,$43.16 B
183.,Accenture,Ireland,$196.86 B
183.,ING Group,Netherlands,$39.03 B
185.,Honeywell International,United States,$130.67 B
186.,Mizuho Financial,Japan,$31.38 B
187.,Linde,United Kingdom,$157.26 B
188.,ArcelorMittal,Luxembourg,$28.98 B
189.,Canadian Imperial Bank,Canada,$51.21 B
190.,Poly Developments & Holdings Group,China,$32.81 B
191.,Micron Technology,United States,$77.51 B
192.,ANZ,Australia,$56.23 B
193.,Fubon Financial,Taiwan,$30.63 B
194.,China Telecom,China,$35.23 B
195.,HCA Healthcare,United States,$63.62 B
196.,Dow,United States,$50.35 B
196.,Telefónica,Spain,$29.44 B
198.,China Vanke,China,$27.92 B
199.,NAB - National Australia Bank,Australia,$77.24 B
200.,Cathay Financial,Taiwan,$28.9 B
201.,Qualcomm,United States,$149.68 B
202.,L'Oréal,France,$195.52 B
203.,Allstate,United States,$36.45 B
204.,SAIC Motor,China,$28.87 B
205.,ICICI Bank,India,$67.9 B
206.,China Everbright Bank,China,$20.11 B
207.,Gilead Sciences,United States,$78.17 B
208.,China Pacific Insurance,China,$22.69 B
209.,NVIDIA,United States,$489.83 B
210.,Amgen,United States,$133.63 B
211.,Union Pacific,United States,$147.23 B
212.,Nike,United States,$203.13 B
213.,Dai-ichi Life Insurance,Japan,$19.9 B
213.,Takeda Pharmaceutical,Japan,$45.32 B
215.,Philip Morris International,United States,$159.18 B
216.,PayPal,United States,$100.22 B
217.,China Resources Land,Hong Kong,$32.45 B
218.,Oversea-Chinese Banking,Singapore,$39.71 B
219.,Midea Group,China,$60.55 B
220.,Travelers,United States,$41.54 B
221.,Eli Lilly,United States,$265.45 B
222.,Mondelez International,United States,$89.98 B
223.,McDonald's,United States,$185.03 B
224.,General Electric,United States,$98.13 B
225.,Société Générale,France,$19.37 B
226.,Schneider Electric,France,$85.36 B
227.,3M,United States,$84.9 B
228.,Aflac,United States,$41.15 B
229.,Oil & Natural Gas,India,$28.62 B
230.,Southern Company,United States,$80.48 B
231.,Deutsche Bank,Germany,$24.54 B
232.,PTT ,Thailand,$31.34 B
233.,CK Hutchison,Hong Kong,$27.91 B
234.,Canadian Natural Resources,Canada,$74.27 B
235.,Sun Life Financial,Canada,$30.71 B
236.,Northrop Grumman,United States,$69.84 B
237.,Archer Daniels Midland,United States,$51.85 B
238.,Marathon Petroleum,United States,$48.64 B
239.,China Minsheng Bank,China,$16.74 B
240.,Legal & General Group,United Kingdom,$19.63 B
241.,Netflix,United States,$95.68 B
242.,Progressive,United States,$63.37 B
243.,Longfor Group Holdings,China,$30.05 B
244.,Cosco Shipping,China,$25.8 B
244.,DBS,Singapore,$63.03 B
246.,China Communications Construction,China,$19.1 B
247.,NatWest Group,United Kingdom,$30.22 B
248.,Exelon,United States,$47.68 B
248.,Humana,United States,$56.34 B
250.,General Dynamics,United States,$66.42 B
251.,Power Corp of Canada,Canada,$20.47 B
252.,Qatar National Bank,Qatar,$59.09 B
253.,Bayer ,Germany,$70.06 B
254.,KKR,United States,$30.6 B
255.,Country Garden Holdings,China,$15.65 B
256.,NextEra Energy,United States,$145.27 B
257.,KB Financial Group,South Korea,$19.29 B
258.,China Railway Group,China,$15.36 B
259.,HP,United States,$38.75 B
260.,Nordea Bank,Finland,$40.26 B
260.,Seven & I Holdings,Japan,$39.19 B
262.,Suncor Energy,Canada,$46.27 B
263.,Salesforce.com,United States,$169.72 B
264.,Air Liquide,France,$81.85 B
265.,Denso,Japan,$45.14 B
266.,Bank of New York Mellon,United States,$35.68 B
267.,Mastercard,United States,$343.27 B
268.,Banco do Brasil,Brazil,$20.7 B
269.,Centene,United States,$49.2 B
269.,HDFC,India,$52.3 B
271.,Freeport-McMoRan,United States,$60.97 B
272.,"Merck KGaA, Darmstadt, Germany and its affiliates",Germany,$82.53 B
273.,ABB,Switzerland,$61.35 B
273.,CaixaBank,Spain,$26.82 B
273.,Volvo Group,Sweden,$34.7 B
276.,Occidental Petroleum,United States,$53.05 B
277.,National Grid,United Kingdom,$54.88 B
278.,McKesson,United States,$47.66 B
279.,Shinhan Financial Group,South Korea,$18.17 B
280.,ASML Holding,Netherlands,$247.8 B
281.,Nutrien,Canada,$57.39 B
282.,Investor AB,Sweden,$63.51 B
283.,KIA,South Korea,$25.82 B
283.,Saint-Gobain,France,$31.17 B
285.,Novo Nordisk,Denmark,$252.91 B
285.,Posco,South Korea,$18.03 B
287.,Diageo,United Kingdom,$116.05 B
288.,Royal Ahold Delhaize N.V.,Netherlands,$30.57 B
289.,Dominion Energy,United States,$68.82 B
290.,Kroger,United States,$41.23 B
291.,Baoshan Iron & Steel,China,$23.35 B
292.,Kweichow Moutai,China,$343.32 B
292.,Xiaomi  ,China,$37.03 B
294.,Bank of Ningbo,China,$37.67 B
295.,Ecopetrol,Colombia,$36.07 B
296.,LyondellBasell Industries,United Kingdom,$34.94 B
297.,Contemporary Amperex Technology,China,$148.42 B
298.,UniCredit,Italy,$21.62 B
299.,AmerisourceBergen,United States,$33.25 B
300.,EssilorLuxottica,France,$79.45 B
301.,Inditex,Spain,$68.15 B
302.,Starbucks,United States,$89.63 B
303.,Nucor,United States,$43.29 B
304.,IntercontinentalExchange,United States,$65.71 B
304.,TJX Cos,United States,$73.7 B
306.,Tesco,United Kingdom,$25.89 B
307.,KBC Group,Belgium,$29.5 B
308.,BOE Technology Group,China,$23.25 B
309.,Blackstone,United States,$132.17 B
310.,American Electric,United States,$50.58 B
311.,Macquarie Group,Australia,$55.44 B
312.,Marubeni,Japan,$19.7 B
313.,Swiss Re ,Switzerland,$24.7 B
314.,EOG Resources,United States,$67.97 B
315.,CNP Assurances,France,$16.12 B
316.,Automatic Data Processing,United States,$93.89 B
317.,Phillips 66,United States,$40.23 B
318.,Tyson Foods,United States,$33.74 B
319.,Repsol ,Spain,$20.8 B
320.,Sumitomo,Japan,$20.28 B
321.,Holcim,Switzerland,$30.19 B
322.,Altria Group,United States,$100.66 B
323.,Applied Materials,United States,$99.65 B
324.,Daimler Truck Holding,Germany,$22.61 B
325.,Zijin Mining Group,China,$41.33 B
326.,The Saudi National Bank,Saudi Arabia,$86.46 B
327.,Richemont,Switzerland,$69.46 B
328.,Kering,France,$70.75 B
328.,Saudi Electricity,Saudi Arabia,$29.83 B
330.,Danone,France,$37.97 B
331.,Nippon Steel ,Japan,$14.92 B
332.,LG Chem,South Korea,$30.55 B
333.,Discover Financial Services,United States,$31.69 B
334.,Couche Tard,Canada,$46.65 B
335.,Huaxia Bank,China,$13.28 B
336.,NN Group,Netherlands,$15.72 B
337.,Fannie Mae,United States,$880 M
338.,Fresenius,Germany,$20.43 B
339.,Marsh & McLennan,United States,$85.88 B
340.,Ameriprise Financial,United States,$30.97 B
340.,Becton Dickinson,United States,$72.63 B
342.,Panasonic,Japan,$20.98 B
343.,MS&AD Insurance,Japan,$16.51 B
344.,Orix,Japan,$21.71 B
345.,Citic Securities,China,$32.19 B
346.,First Abu Dhabi Bank,United Arab Emirates,$69.08 B
347.,BCE,Canada,$51.83 B
348.,Schlumberger,United States,$58.86 B
349.,Texas Instruments,United States,$159.94 B
350.,Bank Rakyat Indonesia (BRI),Indonesia,$50.14 B
351.,CRH,Ireland,$31.77 B
351.,Standard Chartered,United Kingdom,$19.69 B
353.,Bank of Beijing,China,$15.09 B
353.,Paramount,United States,$20.13 B
355.,Bank Of Jiangsu,China,$17.05 B
356.,DuPont de Nemours,United States,$34.51 B
357.,Gree Electric Appliances,China,$27.82 B
358.,Indian Oil,India,$16.53 B
359.,Dollar General,United States,$56.92 B
360.,Kraft Heinz Company,United States,$52.89 B
361.,Wilmar International,Singapore,$20.86 B
362.,Freddie Mac,United States,$488 M
363.,Hewlett Packard Enterprise,United States,$20.48 B
364.,Japan Tobacco,Japan,$30.53 B
365.,Poste Italiane,Italy,$13.6 B
366.,United Overseas Bank,Singapore,$37.99 B
367.,China Unicom,Hong Kong,$15.05 B
368.,Valero Energy,United States,$42.19 B
369.,CSX,United States,$75.34 B
370.,Fortescue Metals Group,Australia,$47.37 B
371.,Danske Bank,Denmark,$14.7 B
372.,China Railway Construction,China,$8.69 B
373.,Moderna,United States,$56.56 B
373.,Woolworths,Australia,$34.61 B
375.,Anhui Conch Cement,China,$26.78 B
376.,Adobe,United States,$193.1 B
377.,Hartford Financial Services,United States,$23.65 B
378.,State Street,United States,$26.04 B
379.,Al Rajhi Bank,Saudi Arabia,$119.85 B
380.,Power Construction Corporation of China,China,$16.34 B
381.,Shin-Etsu Chemical,Japan,$57.46 B
382.,Fiserv,United States,$63.16 B
382.,Regeneron Pharmaceuticals,United States,$74.68 B
384.,ENEOS Holdings,Japan,$11.38 B
385.,Tata Consultancy Services,India,$172.79 B
386.,Sompo,Japan,$13.91 B
387.,OMV Group,Austria,$16.24 B
388.,Swiss Life Holding,Switzerland,$19.73 B
389.,Bank Of Shanghai,China,$14.76 B
390.,American Tower,United States,$119.49 B
391.,Pioneer Natural Resources,United States,$57.38 B
392.,Sun Hung Kai Properties,Hong Kong,$34.81 B
393.,Wanhua Chemical Group,China,$38.63 B
394.,Sampo,Finland,$27.29 B
395.,China Merchants Shekou Industrial Zone Holdings,China,$19.42 B
395.,Haier Smart Home,China,$33.26 B
397.,Eaton,Ireland,$58.35 B
398.,SK,South Korea,$11.99 B
399.,Johnson Controls International,Ireland,$44.22 B
400.,JBS,Brazil,$17.48 B
401.,Saudi Telecom,Saudi Arabia,$60.71 B
402.,Jardine Matheson,Bermuda,$15.89 B
403.,Canadian National Railway,Canada,$86.33 B
404.,Stryker,United States,$93.79 B
405.,Nokia,Finland,$29.66 B
406.,Mitsubishi Electric,Japan,$22.76 B
407.,Nissan Motor,Japan,$16.36 B
408.,Tata Steel,India,$20.42 B
409.,Heineken,Netherlands,$23.41 B
410.,BAE Systems,United Kingdom,$30.15 B
411.,Etisalat,United Arab Emirates,$83.82 B
412.,BT Group,United Kingdom,$23.74 B
413.,Novatek,Russia,$38.07 B
414.,CTBC Financial,Taiwan,$19.63 B
415.,Greenland Holdings Group,China,$9.36 B
416.,RWE Group,Germany,$28.86 B
417.,Daikin Industries,Japan,$46.78 B
418.,Aegon,Netherlands,$11.76 B
419.,Baidu,China,$32.49 B
420.,Ericsson,Sweden,$28.6 B
421.,Canon,Japan,$24.66 B
422.,Lennar,United States,$22.75 B
423.,Bank of Nanjing,China,$18.84 B
424.,Philips,Netherlands,$26.39 B
425.,Keurig Dr Pepper,United States,$52.47 B
426.,China Yangtze Power,China,$83.05 B
427.,DNB Bank,Norway,$34.31 B
428.,Emerson Electric,United States,$55.6 B
429.,Imperial Brands,United Kingdom,$20.62 B
430.,Boeing,United States,$104.45 B
431.,General Mills,United States,$43.66 B
432.,Axis Bank,India,$31.32 B
433.,National Bank of Canada,Canada,$24.82 B
434.,The Estée Lauder Companies,United States,$94.7 B
435.,CNH Industrial,United Kingdom,$20.19 B
436.,Fairfax Financial,Canada,$13.28 B
437.,Adidas,Germany,$41.08 B
437.,Michelin Group,France,$22.85 B
439.,Norfolk Southern,United States,$67.06 B
440.,Principal Financial Group,United States,$18.25 B
440.,Sempra,United States,$53.11 B
442.,Fortum,Finland,$15.64 B
443.,Grupo Mexico,Mexico,$37.88 B
444.,D.R. Horton,United States,$25.28 B
444.,L3Harris Technologies,United States,$47.86 B
446.,Naspers,South Africa,$40.31 B
447.,Standard Bank Group,South Africa,$18.06 B
448.,TC Energy,Canada,$55.95 B
449.,Norilsk Nickel,Russia,$37.75 B
450.,Naturgy Energy Group,Spain,$29.75 B
451.,Waste Management,United States,$65.39 B
452.,Henkel,Germany,$28.33 B
453.,MediaTek,Taiwan,$46.45 B
454.,Recruit Holdings ,Japan,$62.03 B
455.,Hengli Petrochemical,China,$21.93 B
456.,Xcel Energy,United States,$40.44 B
457.,Corteva,United States,$41.92 B
458.,Synchrony Financial,United States,$19.23 B
459.,Toyota Tsusho,Japan,$13.04 B
460.,Toyota Industries,Japan,$18.92 B
461.,AstraZeneca,United Kingdom,$204.56 B
462.,Sunac China Holdings,China,$3.18 B
463.,China Evergrande Group,China,$2.78 B
464.,Bridgestone,Japan,$25.7 B
465.,Emirates NBD,United Arab Emirates,$26.14 B
466.,Daiwa House Industry,Japan,$15.82 B
467.,JD.com,China,$68.56 B
467.,Kinder Morgan,United States,$43.42 B
469.,China National Building,China,$10.55 B
470.,Fifth Third Bank,United States,$26.35 B
471.,FirstRand,South Africa,$24.98 B
472.,Carrefour,France,$15.77 B
473.,Fujitsu,Japan,$29.14 B
474.,SEB AB,Sweden,$24.72 B
475.,Surgutneftegas,Russia,$10.48 B
476.,New China Life Insurance,China,$8.91 B
477.,Barrick Gold,Canada,$42.24 B
478.,DSV Panalpina,Denmark,$38.65 B
479.,Talanx,Germany,$11.01 B
479.,Vodafone,United Kingdom,$46.36 B
481.,Nintendo,Japan,$58.01 B
482.,Hana Financial Group,South Korea,$11.47 B
483.,Hyundai Mobis,South Korea,$15.65 B
484.,NTPC,India,$20.32 B
485.,Maybank,Malaysia,$24.74 B
486.,CME Group,United States,$80.12 B
487.,TAQA,United Arab Emirates,$42.24 B
488.,Pernod Ricard,France,$54.16 B
489.,Bank Mandiri,Indonesia,$26.88 B
490.,Femsa,Mexico,$27.29 B
491.,Paccar,United States,$29.79 B
492.,Consolidated Edison,United States,$34.18 B
493.,Mitsui Fudosan,Japan,$20.04 B
494.,Evergreen Marine Corp. (Taiwan),Taiwan,$26.68 B
495.,Komatsu,Japan,$22.06 B
496.,Shaanxi Coal Industry,China,$24.76 B
497.,Lenovo Group,Hong Kong,$11.89 B
498.,Fast Retailing,Japan,$51.27 B
499.,London Stock Exchange,United Kingdom,$52.66 B
500.,Vonovia,Germany,$32.71 B
501.,Aviva,United Kingdom,$21.03 B
502.,Sherwin-Williams,United States,$64.22 B
503.,Fujifilm Holdings,Japan,$22.93 B
504.,Intuit,United States,$125.37 B
505.,Lam Research,United States,$64.61 B
506.,Erste Group Bank,Austria,$13.97 B
507.,Lincoln National,United States,$11.2 B
508.,Carrier Global,United States,$35.55 B
509.,DISH Network,United States,$16.2 B
510.,China Coal Energy,China,$11.14 B
511.,Continental,Germany,$14.14 B
512.,VTB Bank,Russia,$3.15 B
513.,Murata Manufacturing,Japan,$38.94 B
514.,Larsen & Toubro,India,$31.13 B
515.,Ally Financial,United States,$13.79 B
516.,NetEase,China,$52.53 B
517.,Bank Central Asia,Indonesia,$67.62 B
518.,Volvo Car,Sweden,$21.5 B
519.,Intact Financial,Canada,$24.88 B
520.,Orsted,Denmark,$49.11 B
521.,Cummins,United States,$28.3 B
522.,Williams,United States,$42.73 B
523.,Capgemini,France,$35.59 B
524.,Prologis,United States,$126.34 B
525.,Thales,France,$28.56 B
526.,Bouygues,France,$13.13 B
527.,Banorte,Mexico,$21.04 B
528.,CK Asset Holdings,Hong Kong,$25.13 B
528.,Orange,France,$31.81 B
530.,Kuehne & Nagel International,Switzerland,$34.84 B
531.,Bunge,United States,$16.83 B
532.,VMware,United States,$45.55 B
533.,Albertsons,United States,$15.57 B
533.,Samsung Life Insurance,South Korea,$9.59 B
535.,CRRC,China,$10.5 B
536.,CBRE Group,United States,$27.96 B
536.,Toshiba,Japan,$18.19 B
538.,Samsung C&T,South Korea,$14.64 B
539.,Infosys,India,$87.21 B
540.,Prudential,United Kingdom,$36.7 B
541.,Yankuang Energy Group,China,$14.32 B
542.,Canadian Pacific Railway,Canada,$69.42 B
543.,Loews,United States,$15.94 B
544.,Tokyo Electron,Japan,$67.25 B
545.,LG Electronics,South Korea,$17.87 B
546.,CSL,Australia,$94.67 B
546.,Magna International,Canada,$18.14 B
548.,Analog Devices,United States,$81.25 B
549.,Kubota,Japan,$21.19 B
550.,Air Products & Chemicals,United States,$53.86 B
550.,Newmont Mining,United States,$59.06 B
550.,TE Connectivity,Switzerland,$40.01 B
553.,Aon,Ireland,$68.81 B
554.,TELUS,Canada,$36.05 B
555.,Dollar Tree,United States,$37.7 B
556.,KeyCorp,United States,$19.06 B
557.,Willis Towers Watson,United Kingdom,$26.88 B
558.,Wesfarmers,Australia,$40.57 B
559.,China Zheshang Bank,China,$9 B
560.,Suzuki Motor,Japan,$15.39 B
561.,Best Buy,United States,$20.56 B
562.,SVB Financial Group,United States,$31.82 B
563.,Advanced Micro Devices,United States,$142.8 B
564.,Markel,United States,$19.89 B
565.,Muyuan Foodstuff,China,$44.12 B
566.,Kimberly-Clark,United States,$46.67 B
567.,Cognizant,United States,$43.62 B
567.,Swedbank,Sweden,$18.56 B
569.,Corning,United States,$28.58 B
570.,Infineon Technologies,Germany,$39.15 B
571.,Citizens Financial Group,United States,$20.76 B
572.,Devon Energy,United States,$38.57 B
573.,Asahi Group Holdings,Japan,$17.94 B
574.,JSW Steel,India,$22.87 B
574.,Lumen Technologies,United States,$11.16 B
576.,Regions Financial,United States,$20.03 B
577.,Svenska Handelsbanken,Sweden,$19.52 B
578.,Raymond James Financial,United States,$21.49 B
579.,BYD,China,$84.46 B
580.,Illinois Tool Works,United States,$63.42 B
581.,Pinduoduo,China,$43.53 B
582.,Activision Blizzard,United States,$61.39 B
583.,Liberty Global,United Kingdom,$12.59 B
584.,Colgate-Palmolive,United States,$68.17 B
584.,SSE,United Kingdom,$24.88 B
586.,Nan Ya Plastics,Taiwan,$23.75 B
586.,Vivendi,France,$12.95 B
588.,Baxter International,United States,$36.77 B
589.,Fosun International,China,$8.48 B
590.,Weichai Power,China,$12.04 B
591.,Fidelity National Financial,United States,$11.58 B
591.,Parker-Hannifin,United States,$35.6 B
593.,Vedanta Limited,India,$20.21 B
594.,Woori Financial Group,South Korea,$9.51 B
595.,Sysco,United States,$45.06 B
596.,Telstra,Australia,$34.21 B
597.,Rogers Communications,Canada,$29.24 B
598.,Credit Suisse Group,Switzerland,$18.68 B
599.,M&T Bank,United States,$31.03 B
600.,Boston Scientific,United States,$62.63 B
601.,Edison International,United States,$27.27 B
601.,Financiere de l'Odet,France,$5.07 B
603.,Entergy,United States,$25.1 B
603.,Sumitomo Mitsui Trust,Japan,$11.81 B
603.,Swisscom,Switzerland,$30.25 B
606.,EnBW-Energie Baden,Germany,$25.8 B
607.,Hikvision,China,$59.33 B
608.,Nippon Yusen,Japan,$12.82 B
609.,Stanley Black & Decker,United States,$21.35 B
610.,Oneok,United States,$30.94 B
611.,Marriott International,United States,$58.74 B
612.,Warner Bros. Discovery,United States,$49.91 B
613.,S.F. Holding,China,$36.66 B
614.,Delta Air Lines,United States,$28.01 B
615.,Bharat Petroleum,India,$11.16 B
616.,Halliburton,United States,$33.94 B
617.,Metallurgical Corp of China,China,$5.15 B
618.,Northern Trust,United States,$22.08 B
619.,HeidelbergCement,Germany,$10.91 B
620.,China Steel,Taiwan,$19.81 B
620.,Eversource Energy,United States,$31.72 B
622.,Sany Heavy Industry,China,$21.93 B
623.,Hermès International,France,$138.97 B
624.,International Paper,United States,$17.89 B
625.,Koç Holding,Turkey,$6.79 B
626.,Nidec,Japan,$40.47 B
627.,Meituan ,China,$111.43 B
628.,Kotak Mahindra Bank,India,$44.83 B
629.,Teck Resources,Canada,$19.97 B
630.,Southwest Airlines,United States,$27.77 B
631.,Deutsche Boerse,Germany,$32.23 B
632.,LabCorp,United States,$25.02 B
633.,China Tower Corp.,China,$20.28 B
634.,Inpex,Japan,$17.11 B
635.,Coca-Cola European Partners,United Kingdom,$23.43 B
636.,Wuliangye Yibin,China,$98.98 B
637.,Shimao Property Holdings,Hong Kong,$2.14 B
638.,Idemitsu Kosan,Japan,$7.97 B
639.,Formosa Petrochemical,Taiwan,$29.96 B
640.,Crown Castle International,United States,$84.07 B
641.,FirstEnergy,United States,$26.27 B
642.,Rongsheng Petrochemical,China,$21.52 B
643.,Hindalco Industries,India,$15.11 B
644.,Renault,France,$7.28 B
645.,Bank Of Hangzhou,China,$13.96 B
646.,International Holding Company,United Arab Emirates,$108.6 B
647.,Cincinnati Financial,United States,$21.93 B
648.,Mitsubishi Estate,Japan,$19.04 B
649.,Cleveland-Cliffs,United States,$15.18 B
650.,Grupo ACS,Spain,$7.03 B
651.,CGN Power,China,$13.58 B
652.,ASE Technology Holding,Taiwan,$14.5 B
653.,JFE Holdings,Japan,$7.25 B
654.,DTE Energy,United States,$26.51 B
655.,China Hongqiao Group,China,$12.76 B
656.,NXP Semiconductors,Netherlands,$44.83 B
657.,Western Digital,United States,$15.48 B
658.,Booking Holdings,United States,$90.52 B
659.,Aeon,Japan,$16.11 B
660.,First Republic Bank,United States,$28.21 B
661.,Lufax Holding,China,$13.52 B
662.,Atlas Copco,Sweden,$61.42 B
663.,Fidelity National Information (FIS),United States,$61.05 B
664.,Mitsubishi Chemical,Japan,$8.74 B
665.,Edp-energias De Portugal,Portugal,$19.63 B
665.,Kyocera,Japan,$19.16 B
667.,Xiamen C&D,China,$6.02 B
668.,AutoZone,United States,$42.88 B
669.,China Taiping Insurance,Hong Kong,$4.36 B
670.,PICC,China,$14.37 B
671.,Cenovus Energy,Canada,$34.25 B
671.,Neste,Finland,$36.31 B
673.,Porsche Automobil Holding,Germany,$27.21 B
674.,H&M - Hennes & Mauritz,Sweden,$22.04 B
675.,RELX,United Kingdom,$59.18 B
676.,PG&E,United States,$24.11 B
677.,Republic Services,United States,$41.81 B
678.,Ross Stores,United States,$36.35 B
679.,WEC Energy Group,United States,$32.8 B
680.,Cardinal Health,United States,$17.06 B
681.,CarMax,United States,$14.61 B
681.,China Development Financial,Taiwan,$10.52 B
683.,Riyad Bank,Saudi Arabia,$31.76 B
684.,Thomson Reuters,Canada,$49.81 B
684.,Transneft,Russia,$10.13 B
686.,Ferguson,United Kingdom,$29.61 B
686.,IQVIA,United States,$43.56 B
688.,Hong Kong Exchanges,Hong Kong,$54.13 B
689.,PPG ,United States,$31.37 B
690.,Legend Holding,China,$2.81 B
691.,Ecolab,United States,$50.16 B
691.,Sinopharm Group,China,$6.77 B
693.,Luxshare Precision Industry,China,$31.7 B
694.,Seazen Group,China,$2.86 B
695.,Global Payments,United States,$37.87 B
696.,China Energy Engineering,China,$4.17 B
697.,Safran,France,$52.26 B
698.,S&P Global,United States,$131.75 B
699.,Huntington Bank,United States,$19.88 B
700.,Arch Capital Group,Bermuda,$17.86 B
701.,Jackson Financial,United States,$3.93 B
702.,Bank Leumi,Israel,$15.87 B
702.,Trane Technologies,Ireland,$34.77 B
702.,Veolia Environnement,France,$21.2 B
705.,O'Reilly Automotive,United States,$46.92 B
706.,Biogen,United States,$30.86 B
707.,Publicis Groupe,France,$15.81 B
708.,Hanwha,South Korea,$1.7 B
709.,Mosaic,United States,$24.17 B
710.,Bharti Airtel,India,$56.8 B
711.,Daqin Railway,China,$16.04 B
712.,Uber,United States,$60.27 B
713.,STMicroelectronics,Switzerland,$34.46 B
714.,Gemdale,China,$9.58 B
715.,Ageas,Belgium,$9.71 B
716.,Quanta Computer,Taiwan,$11.13 B
717.,George Weston,Canada,$18.04 B
717.,Weyerhaeuser,United States,$31.02 B
719.,Korea Electric Power,South Korea,$11.11 B
720.,Fox,United States,$21.51 B
721.,Mitsubishi Heavy Industries,Japan,$11.58 B
722.,Steel Dynamics,United States,$16.98 B
723.,Keyence,Japan,$100.89 B
724.,Longi Green Energy Technology,China,$51.73 B
725.,Reckitt Benckiser Group,United Kingdom,$56.35 B
726.,Coal India,India,$16.3 B
727.,Aisin Seiki,Japan,$8.21 B
727.,Digital Realty Trust,United States,$42.6 B
729.,Tata Motors,India,$22.12 B
730.,Simon Property Group,United States,$41.33 B
731.,Resona Holdings,Japan,$10.54 B
732.,Industrial Bank of Korea,South Korea,$6.97 B
733.,CLP Holdings,Hong Kong,$24.76 B
733.,National Bank of Kuwait ,Kuwait,$25.78 B
735.,SingTel,Singapore,$32.06 B
736.,Coinbase,United States,$28.64 B
737.,CenterPoint Energy,United States,$20.04 B
738.,Saudi Arabian Mining,Saudi Arabia,$44.95 B
739.,China Cinda Asset Management,China,$6.47 B
740.,Asahi Kasei,Japan,$11.72 B
741.,NEC,Japan,$10.9 B
742.,United Airlines Holdings,United States,$16.81 B
743.,MGM Resorts,United States,$17.88 B
744.,DSM,Netherlands,$28.7 B
745.,Telkom Indonesia,Indonesia,$31.88 B
746.,PKN Orlen,Poland,$7.55 B
747.,Guotai Junan Securities,China,$11.51 B
748.,Norsk Hydro,Norway,$19.14 B
749.,Formosa Plastics,Taiwan,$23.28 B
750.,NRG Energy,United States,$9.18 B
751.,Public Bank,Malaysia,$21.18 B
752.,TCL ,China,$9.67 B
753.,Huatai Securities,China,$12.74 B
754.,Kellogg,United States,$23.53 B
755.,Inner Mongolia Yili ,China,$37.83 B
756.,WPP,United Kingdom,$14.8 B
757.,Omnicom Group,United States,$16.35 B
758.,Sekisui House,Japan,$11.78 B
759.,Cheniere Energy,United States,$34.52 B
760.,Sandvik,Sweden,$26.55 B
761.,Siam Cement,Thailand,$12.8 B
762.,East Japan Railway,Japan,$20.31 B
763.,Abu Dhabi Commercial Bank,United Arab Emirates,$19.45 B
764.,Huishang Bank,China,$4.43 B
765.,Great Wall Motor ,China,$13.08 B
766.,Haitong Securities,China,$9.56 B
767.,Dongfeng Motor Group,China,$6.23 B
768.,China Reinsurance Group,China,$3.9 B
769.,Henderson Land,Hong Kong,$20.39 B
770.,Samsung SDI,South Korea,$32.16 B
771.,Fortis (Canada),Canada,$24.04 B
772.,SK Telecom,South Korea,$10.82 B
773.,HAL Trust,Netherlands,$12.8 B
774.,Banco Btg Pactual,Brazil,$56.14 B
775.,Baker Hughes Company,United States,$31.15 B
775.,Gallagher,United States,$37.32 B
777.,Everest Re Group,Bermuda,$12.67 B
778.,Amphenol,United States,$41.49 B
779.,American Airlines Group,United States,$13.1 B
780.,Astellas Pharma,Japan,$29.26 B
780.,KLA,United States,$48.87 B
782.,Otsuka Holding,Japan,$17.87 B
783.,China Bohai Bank,China,$3.01 B
784.,Kasikornbank,Thailand,$10.82 B
785.,Bank Hapoalim,Israel,$12.88 B
786.,Woodside Petroleum,Australia,$22.85 B
787.,MTR,Hong Kong,$33.32 B
788.,Tatneft,Russia,$10.46 B
789.,Power Finance,India,$4.1 B
790.,Zoetis,United States,$85.74 B
791.,Lonza Group,Switzerland,$48.01 B
792.,Eiffage,France,$9.86 B
792.,Sumitomo Chemical,Japan,$7.08 B
794.,Vertex Pharmaceuticals,United States,$68.84 B
795.,Constellation Energy,United States,$20.39 B
796.,CIFI Holdings Group,China,$4.19 B
797.,Raiffeisen Bank International,Austria,$3.98 B
798.,Whirlpool,United States,$10.16 B
799.,Siemens Energy,Germany,$14.43 B
800.,WestRock,United States,$13.27 B
801.,Samsung Fire & Marine,South Korea,$7.36 B
802.,US Steel,United States,$8.75 B
803.,UPM-Kymmene,Finland,$18.74 B
804.,Formosa Chemicals,Taiwan,$16.21 B
804.,SK Innovation ,South Korea,$14.96 B
806.,Telia,Sweden,$16.49 B
807.,T&D Holdings,Japan,$7.85 B
808.,Mapfre,Spain,$6.24 B
809.,HCL Technologies,India,$39.09 B
810.,Sumitomo Realty,Japan,$12.58 B
811.,Westlake Chemical,United States,$16.34 B
812.,Apollo Global Management,United States,$30.79 B
813.,United Rentals,United States,$22.72 B
814.,Diamondback Energy,United States,$23.08 B
815.,Chongqing Rural Bank,China,$4.46 B
815.,Otis Worldwide,United States,$31.04 B
817.,Ball,United States,$27.77 B
818.,Stora Enso,Finland,$15.68 B
819.,Yang Ming Marine Transport,Taiwan,$15.1 B
820.,Phoenix Group Holdings,United Kingdom,$7.93 B
820.,Wipro,India,$38.44 B
822.,Power Grid of India,India,$20.57 B
823.,Absa Group,South Africa,$8.83 B
823.,Sumitomo Electric,Japan,$8.61 B
825.,Novolipetsk Steel,Russia,$12.07 B
826.,St. James's Place,United Kingdom,$9.31 B
827.,Grasim Industries,India,$14.77 B
827.,Segro,United Kingdom,$21.23 B
829.,Mega Financial Holding,Taiwan,$19.32 B
830.,Zhongsheng Group Holdings,China,$16.05 B
831.,Shin Kong Financial,Taiwan,$4.88 B
832.,CMS Energy,United States,$20.82 B
833.,Quinenco,Chile,$4.84 B
834.,Evonik Industries,Germany,$12.57 B
835.,East Money Information  ,China,$41.33 B
836.,QBE Insurance Group,Australia,$13.04 B
837.,Tenaga Nasional,Malaysia,$11.85 B
838.,Naver,South Korea,$36.14 B
839.,TDK,Japan,$12.01 B
840.,Nomura,Japan,$12.09 B
841.,Jinke Property Group,China,$3.73 B
842.,Tokyo Electric Power,Japan,$5.79 B
843.,CDW,United States,$22.9 B
844.,The Hershey Company,United States,$46.07 B
845.,Pgnig Group,Poland,$8.57 B
846.,ITC,India,$42.06 B
847.,MTN Group,South Africa,$19.98 B
848.,Compass Group,United Kingdom,$39.01 B
849.,WR Berkley,United States,$18.02 B
850.,Moody's,United States,$59.77 B
851.,Genuine Parts,United States,$18.97 B
852.,Beijing-Shanghai High-Speed Railway,China,$37.02 B
853.,Aluminum Corp of China,China,$9.13 B
853.,Kansai Electric Power,Japan,$8.41 B
855.,Public Storage,United States,$70.56 B
856.,China International Travel Service,China,$53.27 B
857.,Sika,Switzerland,$49.37 B
858.,Signature Bank,United States,$14.95 B
859.,T Rowe Price,United States,$30.58 B
860.,International Flavors & Fragrances,United States,$31.74 B
861.,Atlantia,Italy,$20.11 B
862.,Roper Technologies,United States,$47.95 B
863.,Shanghai International Port,China,$21.72 B
864.,Daiichi Sankyo,Japan,$43.87 B
865.,Rakuten,Japan,$11.45 B
866.,Franklin Resources,United States,$13.25 B
867.,Bank of Ireland,Ireland,$7.83 B
868.,Mitsui OSK Lines,Japan,$8.9 B
868.,Saudi British Bank,Saudi Arabia,$24.3 B
870.,Ameren,United States,$25 B
871.,Chunghwa Telecom,Taiwan,$34.87 B
872.,Assa Abloy,Sweden,$29.86 B
873.,ZTE,China,$9.76 B
874.,Asr Nederland,Netherlands,$6.61 B
875.,Conagra Brands,United States,$17.33 B
876.,Bajaj Finserv ,India,$32.15 B
876.,Commerzbank,Germany,$9.18 B
878.,Hyundai Steel,South Korea,$4.73 B
879.,LG Display,South Korea,$5.38 B
880.,KT ,South Korea,$6.89 B
880.,Logan Property Holdings,China,$1.7 B
880.,Public Service Enterprise Group,United States,$37.09 B
883.,EN+ Group International ,Russia,$4.47 B
884.,Isbank,Turkey,$3.2 B
885.,Expeditors International,United States,$16.64 B
886.,Ternium,Luxembourg,$8.59 B
887.,CEZ Group,Czech Republic,$23.39 B
888.,Isuzu Motors,Japan,$9.3 B
888.,Renesas Electronics,Japan,$20.81 B
890.,Universal Music Group,Netherlands,$46.2 B
891.,Unipol Gruppo,Italy,$4.08 B
892.,SBI Holdings,Japan,$5.49 B
893.,Techtronic Industries,Hong Kong,$26.31 B
894.,Ferrovial,Spain,$19.21 B
895.,CIMB Group Holdings,Malaysia,$12.22 B
896.,E-mart ,South Korea,$3.08 B
896.,Kone,Finland,$25.87 B
898.,GF Securities,China,$9.87 B
899.,China Merchants Securities,China,$9.86 B
900.,Annaly Capital Management,United States,$9.53 B
901.,Coles Group,Australia,$18.25 B
902.,Central Japan Railway,Japan,$24.77 B
902.,Sabanci Holding,Turkey,$2.79 B
904.,Yuanta Financial Holding,Taiwan,$11.06 B
905.,AntarChile,Chile,$3.49 B
906.,HMM,South Korea,$10.81 B
907.,Alleghany,United States,$11.24 B
907.,Seagate Technology,Ireland,$18.04 B
909.,Guosen Securities,China,$15.04 B
910.,Avis Budget Group,United States,$16.03 B
911.,Jiangxi Copper,China,$5.72 B
911.,Mitsubishi UFJ Lease,Japan,$6.49 B
913.,Sumitomo Metal Mining,Japan,$13.03 B
914.,Asustek Computer,Taiwan,$9.22 B
915.,Associated British Foods,United Kingdom,$16.58 B
915.,China National Nuclear Power,China,$22 B
917.,China International Capital,China,$10.03 B
918.,China Molybdenum,China,$11.4 B
919.,Covestro,Germany,$8.65 B
919.,Equitable Holdings,United States,$11.77 B
921.,M&G,United Kingdom,$6.99 B
922.,Shopify,Canada,$57.93 B
923.,Shanghai Construction ,China,$4.22 B
924.,Essity,Sweden,$19.43 B
925.,Canara Bank,India,$5.53 B
925.,WW Grainger,United States,$25.52 B
927.,Viatris,United States,$12.43 B
928.,American Water Works,United States,$29.84 B
929.,United Microelectronics,Taiwan,$20.33 B
930.,VF,United States,$21.23 B
931.,Intuitive Surgical,United States,$90.64 B
932.,Snam,Italy,$18.32 B
933.,Vestas Wind Systems,Denmark,$28.23 B
934.,Subaru,Japan,$11.61 B
935.,Jiangsu Zhongnan Construction Group,China,$2.46 B
936.,Carlsberg,Denmark,$17.76 B
937.,Semiconductor Manufacturing International,China,$16.03 B
938.,Builders FirstSource,United States,$10.86 B
938.,PKO Bank Polski,Poland,$10.9 B
940.,ENN Energy Holdings,China,$14.99 B
941.,WH Group ,Hong Kong,$8.86 B
942.,Amcor,United Kingdom,$17.53 B
943.,Korea Gas,South Korea,$2.81 B
944.,Jefferies Financial ,United States,$7.68 B
945.,Severstal,Russia,$11.5 B
946.,Alexandria Real Estate Equities,United States,$31.95 B
946.,Julius Baer Group,Switzerland,$10.34 B
946.,Sanlam,South Africa,$9.09 B
949.,Emaar Properties,United Arab Emirates,$14.07 B
950.,Joint Stock Commercial Bank for Foreign Trade of Vietnam,Vietnam,$16.94 B
951.,Shanghai Rural Commercial Bank,China,$9.28 B
952.,Motorola Solutions,United States,$37.7 B
953.,Braskem,Brazil,$6.76 B
954.,Bank of Baroda,India,$7.54 B
955.,S-Oil,South Korea,$9.91 B
956.,Tractor Supply,United States,$23.18 B
957.,Suncorp Group,Australia,$10.27 B
958.,MOL Hungarian Oil,Hungary,$7.08 B
959.,Aptiv,Ireland,$28.85 B
960.,Voya Financial,United States,$7.04 B
961.,GS Holdings,South Korea,$3.37 B
962.,Gerdau (Cosigua),Brazil,$10.16 B
963.,Equity Residential,United States,$34.27 B
964.,Qatar Islamic Bank,Qatar,$16.4 B
965.,Hormel Foods,United States,$29.2 B
966.,Shenwan Hongyuan Group,China,$5.46 B
967.,Reinsurance Group of America,United States,$7.59 B
968.,Quest Diagnostics,United States,$16.16 B
969.,Solvay,Belgium,$10.12 B
970.,Pembina Pipeline,Canada,$21.29 B
971.,Banque Saudi Fransi,Saudi Arabia,$17.6 B
972.,SMC,Japan,$33.91 B
973.,Sasol,South Africa,$15.28 B
974.,Molson Coors Brewing,United States,$11.66 B
975.,Macy's,United States,$6.91 B
976.,Bancolombia,Colombia,$10.89 B
977.,Cintas,United States,$41.75 B
978.,China International Marine,China,$5.48 B
979.,Huaneng Power International,China,$7.46 B
979.,Restaurant Brands International,Canada,$27.23 B
981.,Grupa PZU,Poland,$6.44 B
982.,Kao ,Japan,$19.19 B
983.,Agile Group Holdings,China,$1.85 B
984.,Arrow Electronics,United States,$7.57 B
985.,Shenzhen Overseas,China,$8.54 B
985.,Tenet Healthcare,United States,$7.98 B
987.,Grupo Aval,Colombia,$4.78 B
988.,CP All,Thailand,$17.53 B
989.,Geely Automobile Holdings,Hong Kong,$14.82 B
990.,Centrica,United Kingdom,$5.96 B
990.,Dubai Islamic Bank,United Arab Emirates,$12.38 B
992.,Suzano Papel e Celulose,Brazil,$14.66 B
993.,Link REIT,Hong Kong,$18.28 B
994.,Yum! Brands,United States,$35.28 B
995.,First Quantum Minerals,Canada,$19.43 B
996.,AerCap Holdings,Ireland,$12.59 B
997.,First Horizon,United States,$12.21 B
998.,Dentsu,Japan,$10.34 B
999.,Molina Healthcare,United States,$19.08 B
1000.,Union Bank of India,India,$3.62 B
1001.,Toray Industries,Japan,$7.77 B
1002.,Block,United States,$59.55 B
1002.,Eletrobrás,Brazil,$13.42 B
1004.,China Mengniu Dairy,Hong Kong,$21.62 B
1005.,Db Insurance,South Korea,$3.39 B
1006.,E.Sun Financial,Taiwan,$15.06 B
1007.,OTP Bank,Hungary,$8.49 B
1008.,SM Investments,Philippines,$20.01 B
1009.,eBay,United States,$31.24 B
1010.,Edwards Lifesciences,United States,$73.55 B
1011.,Taiwan Cooperative Financial,Taiwan,$13.41 B
1012.,Constellation Brands,United States,$46.99 B
1013.,China Jinmao,Hong Kong,$4.04 B
1014.,Fanuc,Japan,$31.36 B
1015.,Yango Group,China,$1.66 B
1016.,Legrand,France,$24.35 B
1017.,Shanghai Pharmaceuticals,China,$6.02 B
1018.,AGC,Japan,$8.47 B
1019.,Shaanxi Construction Engineering Group,China,$2.8 B
1020.,Hunan Valin Steel,China,$6.29 B
1021.,Goodman Group,Australia,$32.02 B
1022.,iA Financial Corporation,Canada,$6.13 B
1023.,Unum,United States,$6.75 B
1024.,Anta Sports Products,China,$31.9 B
1024.,Continental Resources,United States,$21.35 B
1026.,Bâloise Group,Switzerland,$8.19 B
1027.,Pegatron,Taiwan,$6.56 B
1028.,Jones Lang LaSalle,United States,$11.12 B
1029.,American Financial Group,United States,$12.28 B
1030.,Daiwa Securities,Japan,$7.59 B
1030.,Deutsche Lufthansa,Germany,$9.3 B
1030.,Invesco,United States,$9.38 B
1030.,NASDAQ,United States,$27.43 B
1034.,Comerica,United States,$10.61 B
1034.,Schindler Holding,Switzerland,$21.51 B
1036.,Mizrahi Tefahot Bank,Israel,$9.75 B
1037.,Bio-Rad Laboratories,United States,$15.99 B
1038.,Industries Qatar,Qatar,$33.56 B
1039.,Kakao,South Korea,$32.23 B
1040.,Ashtead Group,United Kingdom,$26.45 B
1041.,Punjab National Bank,India,$5.1 B
1042.,Delta Electronics,Taiwan,$21.84 B
1043.,Alcon,Switzerland,$38.47 B
1043.,TD SYNNEX,United States,$9.61 B
1045.,Antofagasta,United Kingdom,$18.92 B
1046.,PulteGroup,United States,$10.12 B
1046.,Wan Hai Lines,Taiwan,$13.01 B
1048.,Equinix,United States,$67.84 B
1049.,Reliance Steel,United States,$11.93 B
1050.,PTT Global Chemical,Thailand,$6.58 B
1051.,Bankinter,Spain,$5.39 B
1052.,Teva Pharmaceutical,Israel,$10.63 B
1053.,C.H. Robinson,United States,$13.14 B
1053.,Verbund,Austria,$35.6 B
1055.,Zions Bancorp,United States,$9.23 B
1056.,Bank Of Chengdu,China,$9.08 B
1057.,3i Group,United Kingdom,$16.82 B
1057.,Alinma Bank,Saudi Arabia,$21.53 B
1059.,JDE Peet's,Netherlands,$15.03 B
1060.,Cosmo Energy Holdings,Japan,$2.11 B
1061.,RiseSun Real Estate Development,China,$2.55 B
1061.,Uni-President,Taiwan,$13.09 B
1063.,Mahindra & Mahindra,India,$14.96 B
1064.,Telenor,Norway,$20.41 B
1065.,UCB,Belgium,$22.35 B
1066.,Interpublic Group,United States,$13.81 B
1067.,Akzo Nobel,Netherlands,$15.61 B
1068.,Celanese,United States,$15.42 B
1069.,AvalonBay Communities,United States,$35.58 B
1070.,Randstad N.V.,Netherlands,$10.41 B
1071.,First Financial Holding,Taiwan,$12.38 B
1071.,Sibanye Stillwater,South Africa,$10.27 B
1073.,Microchip Technology,United States,$36.73 B
1074.,Flex,Singapore,$7.78 B
1074.,Liberty Media Corporation Series A Liberty Formula One,United States,$14.14 B
1076.,Agilent Technologies,United States,$36.41 B
1077.,Guangzhou Automobile Group,China,$8.59 B
1078.,Rosseti,Russia,$1.62 B
1079.,Beijing Shougang,China,$6.46 B
1080.,CGI,Canada,$19.36 B
1081.,Csc Financial,China,$7.39 B
1081.,ThyssenKrupp Group,Germany,$4.88 B
1083.,Shenzhen Mindray Bio-Medical Electronics,China,$56.3 B
1084.,Hoya,Japan,$36.8 B
1085.,Tongwei,China,$25.56 B
1086.,Kuwait Finance House,Kuwait,$29.56 B
1087.,Grupo Bimbo,Mexico,$12.33 B
1088.,LKQ,United States,$14.07 B
1089.,Chubu Electric Power,Japan,$7.71 B
1090.,Lithia Motors,United States,$8.53 B
1091.,Swire Pacific,Hong Kong,$8.52 B
1092.,Unicaja Banco,Spain,$2.69 B
1093.,Mazda Motor,Japan,$4.53 B
1094.,Telecom Italia,Italy,$6.56 B
1095.,China Galaxy Securities,China,$5.85 B
1096.,CNPC Capital,China,$9.49 B
1097.,China Southern Airlines,China,$9.46 B
1097.,Dassault Systemes,France,$56.73 B
1099.,GD Power Development,China,$7.53 B
1100.,Paychex,United States,$47.42 B
1101.,Genworth Financial,United States,$1.95 B
1102.,Monster Beverage,United States,$45.34 B
1103.,China Longyuan Power,China,$16.82 B
1104.,Ovintiv,United States,$13.01 B
1105.,BDO Unibank,Philippines,$11.32 B
1106.,China Aoyuan Group,China,$446 M
1107.,AutoNation,United States,$6.53 B
1108.,Chesapeake Energy,United States,$11.08 B
1109.,J.B. Hunt Transport Services,United States,$17.76 B
1110.,Mediobanca,Italy,$8.46 B
1111.,Credicorp,Peru,$11.7 B
1112.,Realty Income,United States,$43.97 B
1113.,Beijing Enterprises,Hong Kong,$4.33 B
1114.,Coterra Energy ,United States,$23.49 B
1115.,Siam Commercial Bank,Thailand,$8.34 B
1116.,Nongfu Spring,China,$60.71 B
1117.,Finatis,France,$171 M
1118.,Greentown China Holdings,China,$4.45 B
1119.,Meritz Financial Group,South Korea,$3.77 B
1120.,TBEA,China,$11.1 B
1121.,Rockwell Automation,United States,$30.27 B
1122.,West Fraser Timber Co.,Canada,$9.23 B
1123.,Helvetia Holding,Switzerland,$7.14 B
1124.,Chow Tai Fook Jewellery,Hong Kong,$16.65 B
1125.,Givaudan,Switzerland,$36.93 B
1126.,Polyus,Russia,$23.38 B
1127.,Jabil Circuit,United States,$8.11 B
1127.,Lululemon Athletica,Canada,$46.52 B
1129.,Bath & Body Works,United States,$12.74 B
1130.,Innolux,Taiwan,$5.52 B
1131.,Partners Group Holding,Switzerland,$31.4 B
1132.,Scor,France,$5.24 B
1133.,Luzhou Lao Jiao,China,$45.69 B
1134.,Dover,United States,$20.61 B
1135.,East West Bancorp,United States,$11.02 B
1136.,J Sainsbury,United Kingdom,$7.17 B
1137.,Kaisa Group Holdings,China,$751 M
1138.,China Huarong Asset Management,China,$3.89 B
1139.,AU Optronics,Taiwan,$6.04 B
1140.,Korea Investment Holdings,South Korea,$3.51 B
1140.,Ulta Beauty,United States,$21.23 B
1142.,Itaúsa,Brazil,$18.42 B
1143.,BAIC Motor,China,$2.48 B
1144.,Cellnex Telecom,Spain,$32.98 B
1145.,AES,United States,$15.01 B
1145.,Leonardo,Italy,$6.26 B
1147.,Evraz Group,United Kingdom,$1.52 B
1148.,Impala Platinum Holdings,South Africa,$11.04 B
1149.,Lotte Chemical,South Korea,$5.41 B
1150.,Foshan Haitian Flavouring and Food,China,$58.05 B
1150.,Rolls-Royce Holdings,United Kingdom,$9.84 B
1152.,Sodexo,France,$11.33 B
1153.,Altice USA,United States,$5.13 B
1153.,Bank Negara Indonesia,Indonesia,$12.13 B
1155.,DaVita,United States,$10.73 B
1156.,Old Mutual,South Africa,$3.74 B
1157.,Yum China Holdings,China,$17.41 B
1158.,Penske Automotive,United States,$7.44 B
1158.,Yamaha Motor,Japan,$7.4 B
1160.,Kingfisher,United Kingdom,$6.77 B
1161.,Storebrand,Norway,$4.54 B
1162.,Darden Restaurants,United States,$16.72 B
1163.,Hess,United States,$32.97 B
1164.,CJ Corporation,South Korea,$2.39 B
1165.,Falabella,Chile,$7.27 B
1166.,CapitaLand Investment,Singapore,$15.2 B
1166.,Coupang,South Korea,$24.7 B
1166.,Fastighets Balder,Sweden,$9.99 B
1169.,Welltower,United States,$43.1 B
1170.,Kajima,Japan,$5.64 B
1171.,Steel Authority of India,India,$5.48 B
1172.,Caesars Entertainment,United States,$14.26 B
1173.,New World Development,Hong Kong,$9.96 B
1174.,Textron,United States,$14.69 B
1175.,Cemex,Mexico,$6.69 B
1176.,Hexagon ,Sweden,$36.39 B
1177.,ZIM Integrated Shipping Services,Israel,$6.53 B
1178.,China National Chemical,China,$8.52 B
1179.,Fastenal,United States,$32.78 B
1180.,Secom,Japan,$15.21 B
1181.,Chongqing Zhifei Biological Products,China,$25.21 B
1182.,Angang Steel,China,$4.35 B
1182.,STO Express,China,$1.92 B
1184.,Zoom Video Communications,United States,$29.96 B
1185.,Magnitogorsk Iron & Steel,Russia,$6.07 B
1186.,NVR,United States,$14.39 B
1187.,Evergy,United States,$16.36 B
1188.,Kirin Holdings,Japan,$11.79 B
1189.,Alpha Dhabi Holding,United Arab Emirates,$74.92 B
1190.,Bank of Changsha,China,$4.83 B
1190.,Voestalpine,Austria,$4.85 B
1192.,China Resources Pharmaceutical Group,Hong Kong,$3.19 B
1193.,Kuaishou Technology,China,$32.25 B
1194.,BBMG,China,$1.73 B
1195.,Suning.com,China,$4.71 B
1196.,National Bank of Greece,Greece,$4 B
1197.,Targa Resources,United States,$17.39 B
1198.,Olympus,Japan,$23.96 B
1198.,Umicore,Belgium,$9.69 B
1200.,Expedia Group,United States,$28.29 B
1200.,Hua Nan Financial,Taiwan,$10.67 B
1202.,Jiangsu Yanghe Brewery,China,$32.79 B
1202.,Kerry Group,Ireland,$19.39 B
1204.,Beiersdorf,Germany,$23.47 B
1205.,Leidos,United States,$14.76 B
1206.,Eastman Chemical,United States,$13.72 B
1207.,Vistra Energy,United States,$11.18 B
1208.,Tohoku Electric Power,Japan,$2.83 B
1209.,Banca Mediolanum,Italy,$5.7 B
1210.,PGE Polska Grupa Energetyczna,Poland,$3.94 B
1211.,TransDigm Group,United States,$34.61 B
1212.,Mirae Asset Financial Group,South Korea,$3.98 B
1213.,Experian,Ireland,$32.22 B
1214.,EQT AB,Sweden,$35.06 B
1215.,GAIL India,India,$9.52 B
1216.,Inner Mongolia Baotou Steel,China,$14.12 B
1217.,Towngas,Hong Kong,$21.31 B
1218.,Terna,Italy,$16.92 B
1219.,ON Semiconductor Corp.,United States,$22.49 B
1220.,Carnival Corporation,United States,$21.45 B
1221.,VICI Properties,United States,$22.21 B
1222.,Chipotle Mexican Grill,United States,$41.49 B
1222.,Toppan Printing,Japan,$5.57 B
1224.,Shanghai Electric Group,China,$8.21 B
1224.,Turkish Airlines,Turkey,$3.72 B
1226.,Ferrari,Italy,$39.04 B
1226.,Old Republic International,United States,$7.33 B
1228.,Jeronimo Martins,Portugal,$13.7 B
1229.,Zimmer Biomet,United States,$26.31 B
1230.,Alcoa,United States,$12.42 B
1231.,Santos,Australia,$19.97 B
1232.,Alstom,France,$8.76 B
1233.,Kyushu Electric Power,Japan,$3.06 B
1234.,Goodyear,United States,$3.73 B
1234.,Tenaris,Luxembourg,$18.55 B
1236.,Bluescope Steel,Australia,$7.74 B
1236.,Petronas Chemicals,Malaysia,$19.05 B
1238.,Illumina,United States,$50.69 B
1239.,Synopsys,United States,$43.63 B
1240.,Datang International Power,China,$3.02 B
1241.,Top Frontier Investment Holdings,Philippines,$745 M
1242.,Arkema,France,$8.62 B
1243.,Nippon Paint,Japan,$19.29 B
1244.,Kobe Steel,Japan,$1.76 B
1245.,Bank of Greece,Greece,$385 M
1246.,Bank Of Guiyang,China,$3.56 B
1246.,HD HYUNDAI,South Korea,$3.35 B
1248.,Royal Mail,United Kingdom,$4.45 B
1249.,Eurofins Scientific Societe Europeenne,Luxembourg,$18.47 B
1250.,Lundbergs,Sweden,$12.1 B
1251.,Guangzhou R&F,China,$1.4 B
1252.,China Gas Holdings,Hong Kong,$6.41 B
1253.,Shanxi Xinghuacun Fen Wine Factory,China,$48.91 B
1254.,Hologic,United States,$18.58 B
1255.,Western Alliance Bancorp.,United States,$8.35 B
1256.,Wuchan Zhongda Group,China,$3.94 B
1257.,Metro,Canada,$13.23 B
1258.,Raizen,Brazil,$1.36 B
1259.,Israel Discount Bank,Israel,$7.54 B
1259.,Old Dominion Freight Line,United States,$30.9 B
1261.,Bangkok Bank,Thailand,$7.45 B
1262.,Akbank,Turkey,$3.22 B
1263.,Mitsui Chemicals,Japan,$4.41 B
1264.,Midea Real Estate Holding,China,$2.39 B
1265.,Sharp,Japan,$5.29 B
1266.,KPN,Netherlands,$14.33 B
1267.,Kohl's,United States,$7.38 B
1268.,Chongqing Changan Auto,China,$12.15 B
1269.,Canadian Tire,Canada,$8.57 B
1269.,Vienna Insurance Group,Austria,$6.52 B
1271.,New Hope Liuhe,China,$10.38 B
1272.,Sichuan Road & Bridge,China,$6.87 B
1273.,Copart,United States,$27.59 B
1273.,Dick's Sporting Goods,United States,$7.96 B
1275.,Jiangsu Hengrui Medicine,China,$32.32 B
1276.,Grupo Inbursa,Mexico,$11.28 B
1276.,Universal Health Services,United States,$9.9 B
1278.,Dongguan Rural Commercial Bank,China,$6.72 B
1279.,Dassault Aviation,France,$14.16 B
1280.,Yara International,Norway,$13.5 B
1281.,Olam Group,Singapore,$4.75 B
1282.,Banco de Sabadell,Spain,$4.7 B
1283.,Wuxi Apptec,China,$49.71 B
1284.,Popular,United States,$6.08 B
1285.,Hydro One,Canada,$16.79 B
1285.,Sojitz,Japan,$3.62 B
1287.,SG Holdings,Japan,$11.02 B
1288.,Goertek,China,$15.78 B
1289.,Frontier Communications Parent,United States,$6.71 B
1290.,Samhallsbyggnadsbolaget I Norden,Sweden,$8.48 B
1290.,Schaeffler,Germany,$3.84 B
1292.,Migdal Insurance,Israel,$2 B
1293.,Nedbank,South Africa,$6.96 B
1294.,Inter Rao,Russia,$2.31 B
1295.,Hopson Development Holdings,Hong Kong,$4.56 B
1296.,Ametek,United States,$29.4 B
1297.,LG ,South Korea,$9.54 B
1297.,Skanska,Sweden,$8.54 B
1299.,HBIS,China,$3.87 B
1300.,Banco BPM,Italy,$5 B
1301.,China Fortune Land Development,China,$1.88 B
1302.,Adyen,Netherlands,$54.81 B
1303.,Air France-KLM,France,$2.85 B
1304.,Jacobs Engineering,United States,$18.38 B
1305.,China Resources Power,Hong Kong,$8.96 B
1305.,PPL,United States,$21.99 B
1307.,AIB Group,Ireland,$6.09 B
1308.,Transurban Group,Australia,$31.17 B
1309.,Tourmaline Oil,Canada,$16.46 B
1310.,Arab National Bank,Saudi Arabia,$12.8 B
1311.,Marvell Technology,United States,$49.55 B
1312.,Skyworks Solutions,United States,$18.61 B
1313.,Arista Networks,United States,$36.22 B
1313.,China Three Gorges Renewables (Group),China,$24.53 B
1315.,Electronic Arts,United States,$36.02 B
1316.,Flutter Entertainment,Ireland,$18.66 B
1317.,International Airlines,United Kingdom,$9.52 B
1318.,Brighthouse Financial,United States,$4.1 B
1319.,Boliden,Sweden,$13.29 B
1319.,Krung Thai Bank,Thailand,$5.89 B
1321.,CF Industries Holdings,United States,$20.1 B
1322.,DiDi Global,China,$7.49 B
1323.,Hyundai Marine & Fire,South Korea,$2.12 B
1324.,CSN,Brazil,$6.22 B
1325.,APA,United States,$14.12 B
1326.,SSAB AB,Sweden,$6.82 B
1326.,Teleperformance,France,$21.55 B
1328.,Campbell Soup,United States,$14.16 B
1329.,Sofina,Belgium,$11.34 B
1330.,Bunzl,United Kingdom,$13.28 B
1331.,CJ Cheiljedang,South Korea,$5.33 B
1332.,Magnit,Russia,$5.49 B
1333.,Huadian Power International,China,$3.27 B
1334.,NARI Technology Development,China,$22.89 B
1335.,Marathon Oil,United States,$17.96 B
1336.,Eurazeo,France,$6.48 B
1337.,Tokyo Gas,Japan,$7.93 B
1338.,Guangzhou Rural Commercial Bank,China,$3.53 B
1339.,Heimstaden AB Pref. Shs,Sweden,$615 M
1340.,Keysight Technologies,United States,$26.44 B
1340.,Schroders,United Kingdom,$10.6 B
1340.,StoneX Group,United States,$1.39 B
1343.,Aurubis,Germany,$5.21 B
1344.,Garmin,Switzerland,$21.3 B
1345.,Compal Electronics,Taiwan,$3.4 B
1345.,ENN Natural Gas,China,$7.04 B
1347.,Phoenix Holdings,Israel,$3.3 B
1348.,Indian Bank,India,$2.63 B
1348.,McCormick,United States,$27.42 B
1350.,IDEXX Laboratories,United States,$39.89 B
1350.,Smurfit Kappa Group,Ireland,$11.01 B
1352.,Halkbank,Turkey,$1.97 B
1352.,Xinjiang Daqo New Energy,China,$16.01 B
1354.,Waste Connections,Canada,$35.26 B
1355.,Swatch Group,Switzerland,$13.86 B
1356.,South32,Australia,$16.27 B
1357.,China Overseas Grand Oceans Group,Hong Kong,$1.99 B
1358.,Tokyo Century,Japan,$3.88 B
1359.,Japan Exchange Group,Japan,$8.62 B
1360.,LEG Immobilien AG,Germany,$7.78 B
1360.,Terumo,Japan,$22.93 B
1362.,Sun Pharma Industries,India,$28.97 B
1363.,Brown-Forman,United States,$32.09 B
1364.,Assurant,United States,$10.77 B
1365.,Ajinomoto,Japan,$13.89 B
1366.,Indorama Ventures,Thailand,$7.77 B
1367.,Taishin Financial Holdings,Taiwan,$7.55 B
1367.,Zoomlion Heavy Industry,China,$5.35 B
1369.,XCMG Construction Machinery,China,$6.23 B
1370.,Powerlong Real Estate ,China,$1.34 B
1370.,Yuexiu Property ,Hong Kong,$3.33 B
1372.,Sonic Healthcare,Australia,$12.68 B
1373.,NetApp,United States,$16.91 B
1373.,Wolters Kluwer,Netherlands,$26.81 B
1375.,Galp Energia,Portugal,$10.12 B
1376.,Royal Caribbean Group,United States,$20.82 B
1377.,NEXON,Japan,$20.32 B
1378.,Shengjing Bank,China,$6.73 B
1379.,Extra Space Storage,United States,$28.54 B
1379.,X5 Retail Group,Russia,$144 M
1381.,VakifBank,Turkey,$2.22 B
1382.,Cadence Design,United States,$41.22 B
1383.,AGCO,United States,$10.05 B
1383.,Grupo Elektra,Mexico,$14.11 B
1383.,SDIC Power Holdings,China,$11.24 B
1383.,Shanxi Taigang Stainless,China,$5.87 B
1387.,Zhongliang Holdings ,China,$968 M
1388.,Wuestenrot & Wuerttembergische,Germany,$1.84 B
1389.,BPER Banca,Italy,$2.46 B
1389.,MSCI,United States,$37.06 B
1391.,Obayashi,Japan,$5.09 B
1392.,BNK Financial Group,South Korea,$2.1 B
1392.,Oji Holdings,Japan,$4.8 B
1394.,Spotify Technology,Luxembourg,$20.85 B
1395.,Coloplast,Denmark,$31.59 B
1396.,Brenntag,Germany,$12.46 B
1397.,Wens Foodstuff Group,China,$20.41 B
1398.,First American Financial,United States,$6.54 B
1399.,Euronext,Netherlands,$9.15 B
1400.,Masraf Al Rayan,Qatar,$14.68 B
1401.,MercadoLibre,Uruguay,$49.4 B
1401.,Packaging Corp of America,United States,$15.1 B
1403.,Mitsubishi Materials,Japan,$2.09 B
1404.,Wharf Real Estate Investment,Hong Kong,$14.69 B
1405.,Berry Global Group,United States,$7.78 B
1405.,Maanshan Iron & Steel,China,$3.16 B
1407.,PerkinElmer,United States,$19.25 B
1408.,Navient,United States,$2.5 B
1409.,RTL Group,Luxembourg,$8.85 B
1410.,Kesko,Finland,$10.53 B
1411.,Samsung Securities,South Korea,$2.88 B
1412.,Quanta Services,United States,$17.2 B
1413.,Beijing Capital Development,China,$2.31 B
1413.,Far East Horizon,Hong Kong,$3.67 B
1415.,Faurecia,France,$3.75 B
1416.,Indian Railway Finance,India,$3.83 B
1417.,Liberty Broadband,United States,$20.82 B
1418.,Xiamen International Trade Group,China,$2.54 B
1419.,AirBnB,United States,$98.91 B
1419.,China Grand Automotive Services,China,$2.79 B
1421.,China Eastern Airlines,China,$6.3 B
1422.,AGNC Investment,United States,$6.06 B
1423.,Adecco,Switzerland,$6.83 B
1424.,Westinghouse Air Brake Technologies,United States,$16.52 B
1425.,Kawasaki Kisen Kaisha,Japan,$5.3 B
1426.,Empire,Canada,$8.72 B
1426.,Guangdong Haid Group,China,$15.44 B
1426.,Shimano,Japan,$18 B
1429.,Attijariwafa Bank,Morocco,$9.59 B
1429.,Chailease Holding,Taiwan,$12.02 B
1431.,Henry Schein,United States,$12.05 B
1431.,Suntory Beverage & Food,Japan,$11.91 B
1433.,Epiroc,Sweden,$26.07 B
1434.,Mettler-Toledo International,United States,$29.21 B
1434.,Wendel,France,$4.51 B
1436.,Osaka Gas,Japan,$6.91 B
1437.,Thor Industries,United States,$4.25 B
1438.,Williams-Sonoma,United States,$9.68 B
1438.,Xiamen Xiangyu,China,$2.93 B
1440.,Rivian,United States,$30.27 B
1441.,KION Group,Germany,$8.19 B
1441.,Sino-Ocean Group Holding,China,$1.52 B
1443.,Olin,United States,$8.46 B
1444.,Kimco Realty,United States,$15.72 B
1445.,Bank of Chongqing,China,$2.04 B
1446.,Fortinet,United States,$48.93 B
1447.,Church & Dwight,United States,$24.95 B
1447.,Wistron,Taiwan,$2.83 B
1449.,ServiceNow,United States,$94.28 B
1450.,Align Technology,United States,$28.41 B
1451.,Mohawk Industries,United States,$7.88 B
1452.,SS&C Technologies,United States,$17.52 B
1453.,Adani Enterprises,India,$32.7 B
1454.,Advance Auto Parts,United States,$13.34 B
1455.,West Japan Railway,Japan,$9.42 B
1456.,Franco-Nevada,Canada,$30.37 B
1457.,Unicharm,Japan,$20.27 B
1457.,XP,Brazil,$14.29 B
1459.,Duke Realty,United States,$22.92 B
1460.,Valeo,France,$4.49 B
1461.,AVIC Capita,China,$5.46 B
1462.,Ahli United Bank,Bahrain,$11.43 B
1462.,UGI,United States,$7.68 B
1464.,Teradyne,United States,$17.65 B
1465.,Avery Dennison,United States,$13.79 B
1466.,Covivio,France,$7.42 B
1466.,SGS,Switzerland,$19.87 B
1468.,First Citizens Bank (NC),United States,$10.05 B
1469.,Ningxia Baofeng Energy Group,China,$16.05 B
1470.,Metalurgica Gerdau,Brazil,$2.6 B
1471.,Charoen Pokphand Foods,Thailand,$5.92 B
1472.,IndusInd Bank,India,$9.72 B
1473.,Orient Securities,China,$4.1 B
1474.,Brookfield Renewable,United States,$6.4 B
1475.,Verisk Analytics,United States,$33.43 B
1476.,Ventas,United States,$23.37 B
1477.,Cooper Companies,United States,$19.27 B
1478.,Erdemir,Turkey,$8.04 B
1479.,Gartner,United States,$24.14 B
1479.,SLM,United States,$4.67 B
1481.,Atmos Energy,United States,$16.08 B
1482.,BCI-Banco Credito,Chile,$5.07 B
1483.,Lotte Shopping,South Korea,$2.23 B
1484.,China CSSC Holdings,China,$11.6 B
1485.,Synovus,United States,$6.45 B
1486.,Iida Group Holdings,Japan,$4.74 B
1487.,Thai Beverage,Thailand,$13.02 B
1488.,Equifax,United States,$25.02 B
1488.,Kingspan Group PLC,Ireland,$17.53 B
1488.,Newcrest Mining,Australia,$18.29 B
1491.,Kerry Properties,Hong Kong,$3.88 B
1492.,Globe Life,United States,$10.26 B
1493.,Bank of Jinzhou,China,$2.05 B
1494.,Bank of East Asia,Hong Kong,$4.04 B
1495.,Marfrig Global Foods,Brazil,$2.62 B
1496.,Vipshop Holdings,China,$4.25 B
1497.,Acciona,Spain,$11.12 B
1498.,Hilton,United States,$42.82 B
1498.,Sinotruk Hong Kong,China,$3.29 B
1500.,BorgWarner,United States,$9.09 B
1501.,Nu Holdings,Cayman Islands,$30.79 B
1502.,Adient,United States,$3.21 B
1503.,Unibail-Rodamco,France,$10.45 B
1504.,Zebra Technologies,United States,$20.06 B
1505.,KakaoBank,South Korea,$16.75 B
1505.,VeriSign,United States,$22.59 B
1507.,Hyundai Glovis,South Korea,$5.99 B
1508.,A2A,Italy,$5.33 B
1509.,JM Smucker,United States,$15.43 B
1510.,Incyte,United States,$16.95 B
1510.,Zhongyuan Bank,China,$2.07 B
1512.,Geberit,Switzerland,$20.48 B
1513.,Performance Food Group,United States,$8.13 B
1514.,Advanced Info Service,Thailand,$19.09 B
1515.,Martin Marietta Materials,United States,$22.14 B
1516.,Boston Properties,United States,$21.77 B
1517.,KGHM Polska Miedz,Poland,$6.99 B
1518.,Agility,Kuwait,$8.5 B
1518.,Fukuoka Financial Group,Japan,$3.63 B
1518.,Wharf (Holdings),Hong Kong,$8.8 B
1521.,Amerco,United States,$10.73 B
1522.,Gecina,France,$8.82 B
1523.,Mondi,United Kingdom,$9.39 B
1524.,Halyk Bank,Kazakhstan,$2.97 B
1525.,Bank of India,India,$2.66 B
1525.,RHB Bank,Malaysia,$5.72 B
1527.,Commercial Bank of Qatar ,Qatar,$8.34 B
1528.,Virgin Money UK,United Kingdom,$3.24 B
1529.,Las Vegas Sands,United States,$27.81 B
1530.,US Foods,United States,$8.52 B
1531.,FleetCor Technologies ,United States,$19.51 B
1531.,Nitori Holdings,Japan,$12.05 B
1531.,Sonova Holding,Switzerland,$23.16 B
1534.,Keppel,Singapore,$9.04 B
1535.,Crown Holdings,United States,$14.75 B
1536.,Rexel,France,$6.73 B
1537.,Alliant Energy,United States,$15.83 B
1538.,SinoPac Financial,Taiwan,$7.17 B
1539.,B3,Brazil,$18.37 B
1540.,China Nuclear Engineering Corporation,China,$3.42 B
1540.,Shiseido,Japan,$19.14 B
1542.,Ingersoll Rand,United States,$18.74 B
1542.,Mebuki Financial Group,Japan,$2.03 B
1544.,Concordia Financial Group,Japan,$4.54 B
1545.,WEG,Brazil,$27.68 B
1546.,Aroundtown ,Luxembourg,$5.89 B
1546.,Wheaton Precious Metals,Canada,$21.71 B
1548.,Medipal Holdings,Japan,$3.35 B
1549.,Phosagro,Russia,$11.72 B
1550.,Huafa Industrial,China,$2.34 B
1551.,Tongkun Group,China,$5.69 B
1552.,Scentre Group,Australia,$11.02 B
1553.,NIPPON EXPRESS HOLDINGS,Japan,$5.39 B
1553.,Taisei,Japan,$5.47 B
1555.,Kumho Petrochemical,South Korea,$3.45 B
1556.,Globalfoundries,United States,$27.13 B
1557.,Atlassian,Australia,$62.18 B
1558.,All Nippon Airways,Japan,$9.13 B
1559.,Chiba Bank,Japan,$4.46 B
1560.,Vietin Bank,Vietnam,$6.15 B
1561.,EQT,United States,$14.96 B
1562.,West Pharmaceutical Services,United States,$25.98 B
1563.,China Everbright International,Hong Kong,$3.65 B
1564.,Hoa Phat Group,Vietnam,$8.53 B
1565.,Nine Dragons Paper Holdings,Hong Kong,$4.12 B
1566.,Bank of Guizhou,China,$4.74 B
1567.,Adani Ports & Special Economic Zone,India,$24.12 B
1567.,New Residential Investment,United States,$4.84 B
1569.,Kingdom Holding,Saudi Arabia,$9.56 B
1570.,Adani Green Energy,India,$59.06 B
1571.,Fortive,United States,$20.75 B
1571.,Rocket Companies,United States,$1.05 B
1573.,Banca MPS,Italy,$892 M
1574.,Knorr-Bremse,Germany,$12.12 B
1575.,HNA Technology,China,$1.21 B
1575.,Oriental Land,Japan,$57.49 B
1577.,News Corp,United States,$12.29 B
1578.,China Resources Gas Group,Hong Kong,$8.79 B
1579.,Momentum Metropolitan Holdings,South Africa,$1.54 B
1579.,Royalty Pharma,United States,$18.48 B
1581.,Avantor,United States,$18.32 B
1581.,OneMain Holdings,United States,$6 B
1583.,Vulcan Materials,United States,$22.74 B
1584.,Hokuhoku Financial Group,Japan,$877 M
1585.,Kiwoom Securities,South Korea,$2 B
1586.,Palo Alto Networks,United States,$56.29 B
1587.,Chugoku Electric Power,Japan,$2.44 B
1588.,DXC Technology,United States,$7.2 B
1588.,Metro Group,Germany,$3.27 B
1590.,Shionogi,Japan,$16.32 B
1591.,Snowflake,United States,$54.68 B
1592.,Owens Corning,United States,$8.46 B
1593.,Harel Insurance Investments & Financial Services,Israel,$2.74 B
1593.,Inner Mongolia Yitai Coal,China,$4.17 B
1593.,NH Investment & Securities,South Korea,$3.08 B
1596.,Quilter,United Kingdom,$2.72 B
1597.,Korea Shipbuilding & Offshore Engineering,South Korea,$5.5 B
1598.,HF Sinclair,United States,$8.47 B
1599.,Samsung Electro-Mechanics,South Korea,$10.21 B
1600.,Invitation Homes,United States,$26.2 B
1601.,ZTO Express (Cayman),China,$20.05 B
1602.,Tingyi Holding,China,$10.57 B
1603.,Shizuoka Bank,Japan,$3.8 B
1603.,Workday,United States,$51.74 B
1605.,Check Point Software,Israel,$17.59 B
1605.,Commercial Bank For Investment & Development Of Vietnam,Vietnam,$8.48 B
1607.,Qorvo,United States,$12.11 B
1607.,Stifel Financial,United States,$6.88 B
1607.,YPF ,Argentina,$3.31 B
1610.,Bank Albilad,Saudi Arabia,$13.63 B
1610.,Kaspi.kz JSC,Kazakhstan,$13.11 B
1612.,Evolution Gaming Group AB,Sweden,$20.52 B
1613.,"LG Innotek Co.,",South Korea,$7.44 B
1614.,NiSource,United States,$12.51 B
1615.,SDIC Capital,China,$6.76 B
1616.,AB Sagax,Sweden,$11.84 B
1616.,Hachijuni Bank,Japan,$1.6 B
1618.,Kyushu Financial Group,Japan,$1.36 B
1618.,"Sumitomo Forestry Co.,",Japan,$3.21 B
1618.,Trip.com Group,China,$13.89 B
1621.,China Northern Rare Earth High-Tech,China,$17.54 B
1622.,Snap,United States,$48.34 B
1623.,Bank of Tianjin,China,$1.55 B
1623.,Investec,United Kingdom,$5.66 B
1623.,K+S,Germany,$6.54 B
1626.,Nishi-nippon Financial Holdings,Japan,$917 M
1627.,Commercial International Bank,Egypt,$4.48 B
1628.,NortonLifeLock,United States,$14.85 B
1629.,CrowdStrike,United States,$47.45 B
1629.,Japan Securities,Japan,$655 M
1631.,Clal Insurance Enterprises ,Israel,$1.73 B
1632.,Xinyu Iron & Steel,China,$2.83 B
1633.,Interactive Brokers Group,United States,$6 B
1634.,Sino Biopharmaceutical,Hong Kong,$9.58 B
1635.,LG Household & Health Care,South Korea,$12.57 B
1636.,Dai Nippon Printing,Japan,$5.63 B
1636.,North Pacific Bank,Japan,$744 M
1638.,Aena,Spain,$24.06 B
1639.,Nitto Denko,Japan,$10.1 B
1640.,World Fuel Services,United States,$1.72 B
1641.,Akelius Residential Property,Sweden,$6.3 B
1641.,Hong Leong Financial,Malaysia,$5.14 B
1643.,Bank of Kyoto,Japan,$3.12 B
1644.,Meritz Securities,South Korea,$3.02 B
1644.,Shinsei Bank,Japan,$3.83 B
1646.,China Development Bank Financial Leasing,China,$1.84 B
1647.,BOK Financial,United States,$6.01 B
1647.,Yamaguchi Financial,Japan,$1.35 B
1649.,China Communications Services,China,$2.97 B
1650.,Banco Comercial Portugues,Portugal,$2.7 B
1650.,Ganfeng Lithium,China,$16.45 B
1650.,New York Community Bancorp,United States,$4.7 B
1650.,Usiminas,Brazil,$3.1 B
1654.,Castellum,Sweden,$6.95 B
1655.,Wacker Chemie,Germany,$9.26 B
1656.,Rajesh Exports,India,$2.5 B
1657.,Bawag Group,Austria,$4.52 B
1658.,Sinotrans Ltd.,China,$2.27 B
1659.,Will Semiconductor,China,$20.03 B
1660.,CPI Property Group,Luxembourg,$8 B
1660.,DexCom,United States,$42.91 B
1660.,Harbin Bank,China,$967 M
1663.,Kingboard Holdings,Hong Kong,$5.11 B
1664.,China Shipbuilding Industry,China,$13.46 B
1665.,Autodesk,United States,$40.7 B
1665.,Ceconomy,Germany,$1.24 B
1665.,Hirogin Holdings,Japan,$1.56 B
1668.,Twitter,United States,$39.17 B
1669.,Jyske Bank,Denmark,$3.84 B
1670.,Hengyi Petrochemical ,China,$4.45 B
1671.,Cerner,United States,$27.55 B
1672.,Gunma Bank,Japan,$1.21 B
1673.,Sahara International Petrochemical,Saudi Arabia,$11.14 B
1674.,Bank of Zhengzhou,China,$1.63 B
1675.,China Merchants Port Holdings,Hong Kong,$6.59 B
1676.,WPG Holdings,Taiwan,$3.22 B
1677.,Sunny Optical Technology Group,China,$15.15 B
1678.,Zheshang Development Group,China,$974 M
1679.,Bank Pekao,Poland,$6.62 B
1679.,Singapore Airlines,Singapore,$11.96 B
1681.,Uniqa,Austria,$2.46 B
1681.,United Natural Foods,United States,$2.62 B
1683.,Next,United Kingdom,$10.6 B
1684.,China Resources Beer (Holdings),Hong Kong,$18.75 B
1685.,STRABAG,Austria,$3.8 B
1686.,Chang Hwa Bank,Taiwan,$6.7 B
1687.,Asian Paints,India,$39.69 B
1687.,Doosan,South Korea,$1.31 B
1687.,Huntsman,United States,$7.33 B
1690.,LG Uplus,South Korea,$5.1 B
1690.,SBA Communications,United States,$39.57 B
1692.,Datadog,United States,$39.38 B
1692.,Organon,United States,$8.18 B
1692.,PBF Energy,United States,$3.21 B
1695.,Iveco Group,Italy,$1.72 B
1696.,Shanghai Commercial & Savings Bank,Taiwan,$7.59 B
1697.,Arca Continental,Mexico,$11.28 B
1697.,Piraeus Financial Holdings,Greece,$1.99 B
1699.,Daishi Hokuetsu Financial Group,Japan,$893 M
1700.,ResMed,United States,$33.26 B
1701.,77 Bank,Japan,$921 M
1701.,BJ's Wholesale Club,United States,$9.09 B
1701.,PVH,United States,$5.12 B
1704.,Petro Rabigh,Saudi Arabia,$6.87 B
1705.,Adani Transmission,India,$38.15 B
1706.,Eurobank Ergasias,Greece,$4.28 B
1706.,Zalando,Germany,$11.31 B
1708.,Chugoku Bank,Japan,$1.38 B
1708.,Pool,United States,$16.68 B
1710.,M3,Japan,$22.54 B
1711.,Aramark,United States,$9.82 B
1711.,China Industrial Securities,China,$7 B
1711.,Sumec Corporation,China,$1.21 B
1714.,Focus Media Information Technology,China,$12.45 B
1715.,Ramsay Health Care,Australia,$13.94 B
1716.,Cullen/Frost Bankers,United States,$8.86 B
1717.,Live Nation Entertainment,United States,$23.79 B
1718.,Emera,Canada,$13.13 B
1719.,Hoshine Silicon Industry,China,$13.76 B
1720.,Qinghai Salt Lake Industry,China,$23.19 B
1720.,Starwood Property Trust,United States,$7.31 B
1722.,Nexi S.p.A.,Italy,$12.8 B
1723.,Alpha Bank,Greece,$2.98 B
1723.,BayWa,Germany,$1.76 B
1725.,AECOM Technology,United States,$10.26 B
1726.,SQM,Chile,$22.11 B
1727.,FMC,United States,$16.7 B
1728.,Shaw Communications,Canada,$15.12 B
1729.,Bausch Health Companies,Canada,$7.79 B
1730.,Tech Mahindra,India,$16.61 B
1730.,Var Energi ASA,Norway,$11.13 B
1732.,Bank of Qingdao,China,$2.52 B
1732.,Mitsubishi Motors,Japan,$3.69 B
1734.,Moscow Exchange,Russia,$2.65 B
1735.,Rite Aid,United States,$414 M
1736.,Waters,United States,$17.94 B
1737.,Abu Dhabi Islamic Bank,United Arab Emirates,$8.76 B
1737.,Li Ning,China,$20.67 B
1739.,Jiangxi Bank,China,$1.23 B
1739.,Mercuries & Associates,Taiwan,$628 M
1741.,BeiGene,China,$35.18 B
1742.,Pan Pacific International Holdings,Japan,$8.89 B
1743.,EXOR,Netherlands,$17.14 B
1744.,Daito Trust Construction,Japan,$6.6 B
1744.,Synnex Technology Intl,Taiwan,$4.47 B
1746.,Adani Total Gas,India,$34.74 B
1746.,WuXi Biologics,China,$30.22 B
1748.,Johnson Matthey,United Kingdom,$4.49 B
1749.,Bayan Resources,Indonesia,$9.82 B
1749.,Credito Emiliano,Italy,$2.24 B
1751.,Burlington Stores,United States,$13.82 B
1752.,Alfresa Holdings,Japan,$2.77 B
1752.,Bandai Namco Holdings,Japan,$15.24 B
1752.,FAW Jiefang Group,China,$5.91 B
1755.,Constellation Software,Canada,$34.22 B
1756.,Bajaj Auto,India,$13.79 B
1756.,Chewy,United States,$14.56 B
1758.,Shandong Hualu-Hengsheng Chemical,China,$10.18 B
1759.,Avenue Supermarts,India,$34.12 B
1760.,Lindt & Sprungli,Switzerland,$27.88 B
1761.,Iyo Bank,Japan,$1.57 B
1761.,SKF Group,Sweden,$7.59 B
1763.,Juroku  Financial Group,Japan,$626 M
1764.,Akamai Technologies,United States,$18.85 B
1764.,EMS-Chemie Holding,Switzerland,$21.09 B
1764.,Medical Properties Trust,United States,$11.25 B
1767.,Taiwan Business Bank,Taiwan,$3.48 B
1768.,Newell Brands,United States,$9.45 B
1768.,Zhejiang Chint Electrics,China,$10.5 B
1770.,First Pacific,Hong Kong,$1.78 B
1771.,Bank of Jiujiang,Hong Kong,$3.25 B
1772.,DGB Financial Group,South Korea,$1.26 B
1773.,Power Assets Holdings,Hong Kong,$14.38 B
1774.,Xinyi Glass Holdings,Hong Kong,$8.55 B
1775.,Toll Brothers,United States,$5.35 B
1776.,PIK Group,Russia,$4.7 B
1777.,Foot Locker,United States,$2.79 B
1778.,Bank of Suzhou,China,$3.85 B
1779.,Hyundai Engineering,South Korea,$4 B
1780.,American Equity Investment,United States,$3.77 B
1781.,Advantest,Japan,$12.75 B
1782.,Avnet,United States,$3.87 B
1783.,Hyakugo Bank,Japan,$677 M
1784.,Lucid Motors,United States,$31.59 B
1785.,CSPC Pharmaceutical Group,Hong Kong,$12.5 B
1786.,ATOS,France,$2.71 B
1787.,Manpower,United States,$4.94 B
1788.,Hotai Motor,Taiwan,$11 B
1788.,Smoore International Holdings,China,$13.28 B
1790.,Gjensidige Forsikring,Norway,$12.08 B
1791.,Clorox,United States,$18.54 B
1791.,DCC,Ireland,$7.58 B
1793.,Bank of Queensland,Australia,$3.7 B
1793.,Ford Otosan,Turkey,$7.17 B
1795.,Service Corp Intl,United States,$11.32 B
1796.,Fortune Brands Home & Security,United States,$9.33 B
1796.,Lear,United States,$7.75 B
1796.,Qingdao Rural Commercial Bank,China,$3.01 B
1799.,Korea Zinc,South Korea,$8.86 B
1800.,Tosoh,Japan,$4.4 B
1801.,DoorDash,United States,$31.01 B
1802.,Cloudflare,United States,$30.99 B
1802.,Showa Denko,Japan,$3.43 B
1804.,Jointown Pharmaceutical Group,China,$3.67 B
1804.,Kawasaki Heavy Industries,Japan,$3.08 B
1806.,Deutsche Pfandbriefbank,Germany,$1.75 B
1807.,NIO,China,$29.66 B
1807.,Ultrapar Participacoes,Brazil,$3.26 B
1809.,American National Group,United States,$5.09 B
1810.,Ogaki Kyoritsu Bank,Japan,$622 M
1811.,Bendigo & Adelaide Bank,Australia,$4.35 B
1812.,Electric Power Development,Japan,$2.54 B
1812.,Tongling Nonferrous Metals,China,$6.07 B
1814.,Salzgitter,Germany,$2.46 B
1814.,Suzuken,Japan,$2.61 B
1816.,Shiga Bank,Japan,$916 M
1817.,Sartorius,Germany,$27.54 B
1818.,Tsim Sha Tsui Properties,Hong Kong,$5.73 B
1819.,Qilu Bank,China,$4.18 B
1820.,Horizon Therapeutics Public Limited Company,Ireland,$24.25 B
1820.,Prysmian,Italy,$8.62 B
1822.,Crescent Point Energy,Canada,$4.03 B
1823.,Info Edge India,India,$7.84 B
1824.,FinecoBank,Italy,$9.11 B
1825.,Hubei Biocause Pharmaceutical,China,$2.41 B
1825.,ICON (Ireland),Ireland,$19.08 B
1827.,Yunnan Copper Co. Ltd.,China,$2.94 B
1828.,Booz Allen Hamilton Holding,United States,$11.73 B
1829.,Red Eléctrica,Spain,$10.78 B
1830.,Senshu Ikeda Holdings,Japan,$391 M
1831.,Banca Popolare di Sondrio,Italy,$1.87 B
1831.,Zhejiang Expressway Co. Ltd.,China,$3.71 B
1833.,WSP,Canada,$14.47 B
1834.,LPL Financial Holdings,United States,$15.66 B
1834.,Mid-america Apartment Communities,United States,$23.88 B
1834.,Sistema,Russia,$1.51 B
1834.,Titan (India),India,$29.16 B
1838.,Beijing Oriental Yuhong Waterproof Technology,China,$16.72 B
1839.,Wayfair,United States,$8.94 B
1839.,Zscaler,United States,$29.13 B
1841.,Ricoh,Japan,$4.66 B
1842.,Dangote Cement,Nigeria,$11.68 B
1843.,Trade Desk,United States,$28.89 B
1844.,Chr. Hansen Holding,Denmark,$10.18 B
1845.,JD Sports Fashion,United Kingdom,$9.59 B
1846.,Aeroports de Paris,France,$15.07 B
1846.,Banque Cantonale Vaudoise,Switzerland,$7.44 B
1848.,Amadeus IT Group ,Spain,$28.66 B
1848.,Bank of Lanzhou,China,$4.76 B
1850.,Korean Air,South Korea,$8.81 B
1850.,San-In Godo Bank,Japan,$793 M
1852.,Digital China Group,China,$1.42 B
1853.,CPFL Energia,Brazil,$8.47 B
1854.,Airports of Thailand,Thailand,$28.51 B
1854.,Nanto Bank,Japan,$509 M
1856.,Toho Bank,Japan,$398 M
1857.,Veeva Systems,United States,$28.4 B
1858.,Aier Eye Hospital Group,China,$28.38 B
1859.,Keiyo Bank,Japan,$493 M
1860.,Abrdn,United Kingdom,$6.38 B
1860.,Qurate Retail Group,United States,$1.58 B
1862.,Kyndryl Holdings,United States,$2.65 B
1863.,Cosco Shipping Development,China,$2.69 B
1864.,Huaibei Mining Holdings,China,$5.66 B
1864.,Inventec,Taiwan,$3.08 B
1864.,Shimizu,Japan,$4.2 B
1867.,Hanwa,Japan,$995 M
1867.,PT Saratoga Investama Sedaya,Indonesia,$3.38 B
1867.,Saputo,Canada,$10.04 B
1870.,E-L Financial,Canada,$2.57 B
1871.,Basler Kantonalbank,Switzerland,$353 M
1872.,Luzerner Kantonalbank,Switzerland,$3.66 B
1872.,Snap-on,United States,$11.88 B
1874.,Vietnam Technological & Commercial Joint Stock Bank,Vietnam,$6.74 B
1874.,Zhangzhou Pientzehuang Pharmaceutical,China,$27.54 B
1876.,Kinnevik,Sweden,$5.41 B
1877.,FIBI Holdings,Israel,$1.71 B
1878.,WESCO International,United States,$6.37 B
1878.,Yunnan Yuntianhua,China,$6.76 B
1880.,SITC International Holdings,Hong Kong,$8.87 B
1881.,Anhui Water Resources Development,China,$1.39 B
1881.,Tokyo Kiraboshi Financial Group,Japan,$418 M
1883.,Tenneco,United States,$1.47 B
1884.,PacWest Bancorp,United States,$4.05 B
1885.,Bank Of Gansu,China,$1.98 B
1886.,Barry Callebaut,Switzerland,$12.88 B
1886.,Grupa LOTOS,Poland,$2.99 B
1888.,Yunnan Energy New Material,China,$25.09 B
1889.,SCA,Sweden,$14.09 B
1890.,ACWA Power,Saudi Arabia,$26.39 B
1890.,PennyMac Financial Services,United States,$2.68 B
1892.,Aareal Bank,Germany,$2.1 B
1892.,F&F,South Korea,$892 M
1894.,Aozora Bank,Japan,$2.36 B
1894.,Essex Property Trust,United States,$22.95 B
1894.,Nanjing Iron & Steel,China,$3.46 B
1894.,Samsung SDS,South Korea,$8.71 B
1898.,Electrolux Group,Sweden,$4.2 B
1899.,Azrieli Group,Israel,$10.92 B
1899.,Brown & Brown,United States,$19.18 B
1901.,Times Property Holdings,China,$721 M
1902.,Gold Fields,South Africa,$12.23 B
1903.,Commerce Bancshares,United States,$8.66 B
1904.,TMB Bank,Thailand,$3.64 B
1905.,China Aviation Oil,Singapore,$562 M
1906.,Nippon Steel Trading,Japan,$1.33 B
1906.,Webster Financial,United States,$9 B
1908.,Novatek Microelectronics Corp.,Taiwan,$8.05 B
1908.,Persimmon,United Kingdom,$9.08 B
1910.,Seagen,United States,$25.23 B
1911.,Commercial Metals,United States,$5.12 B
1912.,MongoDB,United States,$25.07 B
1913.,Bank of Xi'an,China,$2.64 B
1913.,Grifols,Spain,$11.87 B
1915.,Murphy USA,United States,$5.92 B
1916.,Cencosud,Chile,$4.96 B
1917.,Ares Management,United States,$12.94 B
1917.,Kiyo Bank ,Japan,$728 M
1919.,Shandong Iron and Steel,China,$2.72 B
1920.,Central Bank of India,India,$2.23 B
1920.,Parkland,Canada,$4.19 B
1922.,Galaxy Entertainment,Hong Kong,$24.56 B
1923.,Teledyne Technologies,United States,$21.88 B
1924.,Dexus,Australia,$8.51 B
1925.,Palantir Technologies,United States,$24.28 B
1925.,Rothschild & Co.,France,$2.96 B
1925.,Wintrust Financial,United States,$5.31 B
1928.,Banque Centrale Populaire,Morocco,$5.49 B
1928.,CoStar Group,United States,$24.17 B
1928.,Mr. Cooper Group,United States,$3.35 B
1931.,Ayala Corp,Philippines,$8.96 B
1931.,Shanghai Fosun Pharmaceutical,China,$10.21 B
1931.,Xiamen Xinde,China,$501 M
1934.,Shenzhen Inovance Technology,China,$20.48 B
1935.,Genmab,Denmark,$24.07 B
1936.,Ansys,United States,$24.06 B
1936.,TMX Group,Canada,$5.57 B
1938.,Gap,United States,$4.33 B
1938.,Hyakujushi Bank,Japan,$383 M
1940.,Tokyu Fudosan,Japan,$3.79 B
1941.,ASM International,Netherlands,$16.59 B
1942.,Albemarle,United States,$23.5 B
1943.,Bradespar,Brazil,$2.43 B
1944.,Aristocrat Leisure,Australia,$15.82 B
1944.,Hainan Airlines Holding,China,$8.76 B
1944.,Metropolitan Bank & Trust,Philippines,$4.76 B
1947.,Robert Half International,United States,$12.45 B
1947.,Shanghai Yuyuan Tourist Mart,China,$5.8 B
1949.,Bread Financial Holdings,United States,$2.77 B
1949.,Healthpeak Properties,United States,$18.59 B
1951.,Steris,Ireland,$23.38 B
1951.,Yamada Denki,Japan,$2.47 B
1953.,XPO Logistics,United States,$6.4 B
1954.,Hera,Italy,$5.68 B
1955.,Hokkoku Financial Holdings,Japan,$677 M
1955.,Intco Medical Technology,China,$3.33 B
1957.,ADNOC Drilling,United Arab Emirates,$16.18 B
1957.,Far Eastern New Century,Taiwan,$5.55 B
1957.,Shenzhou International Group Holdings,Hong Kong,$20.58 B
1960.,Farfetch,United Kingdom,$4.39 B
1960.,Huali Industrial Group,China,$23.04 B
1960.,Jindal Steel & Power,India,$7.16 B
1960.,Mashreq Bank,United Arab Emirates,$4.18 B
1964.,FCC,Spain,$5.07 B
1964.,VEON,Netherlands,$1.04 B
1964.,Zall Smart Commerce Group,China,$698 M
1967.,AviChina Industry & Technology,China,$4.08 B
1967.,Weihai City Commercial Bank,China,$2.46 B
1969.,Cadence Bank,United States,$4.89 B
1969.,Masco,United States,$12.05 B
1971.,Yamato Holdings,Japan,$6.93 B
1972.,Musashino Bank,Japan,$465 M
1972.,Pinnacle Bank,United States,$6.26 B
1974.,Jinshang Bank,China,$1.05 B
1975.,Seiko Epson,Japan,$4.83 B
1976.,JB Financial Group,South Korea,$1.41 B
1977.,Ampol ,Australia,$5.68 B
1977.,Tapestry,United States,$8.7 B
1979.,Logitech International,Switzerland,$11.01 B
1980.,Fertiglobe,United Arab Emirates,$12.77 B
1980.,WT Microelectronics,Taiwan,$1.98 B
1982.,Group 1 Automotive,United States,$2.86 B
1983.,China Petroleum Engineering,China,$2.53 B
1983.,Unity Software,United States,$22.41 B
1985.,Li Auto,China,$22.39 B
1986.,Swedish Match,Sweden,$12.43 B
1986.,Twilio,United States,$22.29 B
1986.,Whitecap Resources,Canada,$5.17 B
1989.,EFG International,Switzerland,$2.32 B
1989.,Grandjoy Holdings Group,China,$2.72 B
1991.,Kloeckner & Co,Germany,$1.37 B
1992.,Match Group,United States,$22.04 B
1993.,Onex,Canada,$5.25 B
1993.,Wingtech Technology,China,$12.46 B
1995.,Aperam,Luxembourg,$3.16 B
1995.,Shenzhen Feima International Supply Chain,China,$1.14 B
1997.,NMDC,India,$6.4 B
1997.,Sichuan Changhong Electric,China,$1.96 B
1999.,Satellite Chemical,China,$9.52 B
2000.,Credit Bank of Moscow,Russia,$2.06 B
